patternSignature,patternReadable,currentEligible,manual31ColumnCount,manual65PatternCount,lpColumnCount,positiveLpActivity,coveredResidualOrders,coveredResidualQuantity,coverageScarcity,missingResidualWidths,wastePerCar,targetResidualWastePerCar,wasteFit,demandDualUpperBound,lpPoolDensityRank,orderCoverageFrontierRank,lpDualWeightedRank
"4380|1080x3,1140x1","{1080=3, 1140=1} @4380mm (pw=4380, util=100.0%)","false","2","2","0","0.000000000","2","6","0.001676446","1","220","228.466257669","0.105638367","5.320054370",,"48128","5"
"4400|550x1,940x1,970x3","{550=1, 940=1, 970=3} @4400mm (pw=4400, util=100.0%)","false","2","2","18","1.946669891","4","25","0.003029498","1","200","228.466257669","0.033937123","1.832745126","6","39080","37126"
"4390|970x3,1480x1","{970=3, 1480=1} @4390mm (pw=4390, util=100.0%)","true","2","2","16","0.000000000","4","13","0.002824328","0","210","228.466257669","0.051370942","3.004382763","16","41140","7672"
"4330|550x1,840x1,980x3","{550=1, 840=1, 980=3} @4330mm (pw=4330, util=100.0%)","true","2","2","2","0.000000000","12","99","0.016852862","0","270","228.466257669","0.023510746","2.645860820","114","13565","14403"
"4390|1000x1,1100x2,1190x1","{1000=1, 1100=2, 1190=1} @4390mm (pw=4390, util=100.0%)","true","1","1","16","0.596879280","21","245","0.061728487","0","210","228.466257669","0.051370942","1.641581349","10","1143","42223"
"4400|1000x1,1100x2,1200x1","{1000=1, 1100=2, 1200=1} @4400mm (pw=4400, util=100.0%)","true","1","1","9","0.000000000","21","243","0.061123723","0","200","228.466257669","0.033937123","1.566368487","38","1212","44064"
"4400|960x1,1100x2,1240x1","{960=1, 1100=2, 1240=1} @4400mm (pw=4400, util=100.0%)","false","1","1","7","1.000000000","17","258","0.070193681","1","200","228.466257669","0.033937123","1.752889174","43","595","39361"
"4400|850x1,1070x1,1240x2","{850=1, 1070=1, 1240=2} @4400mm (pw=4400, util=100.0%)","false","1","1","5","1.000000000","9","135","0.027670120","1","200","228.466257669","0.033937123","2.084788722","54","5421","29695"
"4400|850x3,870x1,980x1","{850=3, 870=1, 980=1} @4400mm (pw=4400, util=100.0%)","false","1","1","2","0.000000000","11","166","0.026983963","1","200","228.466257669","0.033937123","1.854060521","126","5504","36481"
"4350|550x1,890x1,970x3","{550=1, 890=1, 970=3} @4350mm (pw=4350, util=100.0%)","false","1","2","1","1.000000000","4","25","0.003029498","1","250","228.466257669","0.044377893","2.367990081","128","39079","21445"
"4380|840x4,1020x1","{840=4, 1020=1} @4380mm (pw=4380, util=100.0%)","false","1","1","1","0.950000000","4","9","0.001187178","1","220","228.466257669","0.105638367","3.614867623","134","51309","1914"
"4380|790x1,1100x1,1240x1,1250x1","{790=1, 1100=1, 1240=1, 1250=1} @4380mm (pw=4380, util=100.0%)","true","1","1","0","0.000000000","19","278","0.073865321","0","220","228.466257669","0.105638367","1.863149527",,"215","36199"
"4310|850x1,1100x2,1260x1","{850=1, 1100=2, 1260=1} @4310mm (pw=4310, util=100.0%)","true","1","1","0","0.000000000","19","317","0.072298770","0","290","228.466257669","0.015991367","1.891769187",,"364","35417"
"4360|1010x2,1100x1,1240x1","{1010=2, 1100=1, 1240=1} @4360mm (pw=4360, util=100.0%)","false","1","1","0","0.000000000","17","258","0.070193681","1","240","228.466257669","0.079784630","1.470583738",,"590","46148"
"4320|970x1,1000x1,1100x1,1250x1","{970=1, 1000=1, 1100=1, 1250=1} @4320mm (pw=4320, util=100.0%)","true","1","1","0","0.000000000","24","259","0.064829096","0","280","228.466257669","0.019035385","2.143447029",,"962","28003"
"4400|1050x1,1100x2,1150x1","{1050=1, 1100=2, 1150=1} @4400mm (pw=4400, util=100.0%)","true","1","1","0","0.000000000","15","226","0.058391189","0","200","228.466257669","0.033937123","2.125341238",,"1723","28552"
"4380|970x2,1220x2","{970=2, 1220=2} @4380mm (pw=4380, util=100.0%)","true","1","1","0","0.000000000","4","16","0.003565370","0","220","228.466257669","0.105638367","3.607562782",,"36400","1973"
"4310|550x2,1010x1,1100x2","{550=2, 1010=1, 1100=2} @4310mm (pw=4310, util=100.0%)","false","1","1","0","0.000000000","13","225","0.055380211","1","290","228.466257669","0.015991367","1.139570114",,"3372","51357"
"4400|850x1,1060x1,1240x1,1250x1","{850=1, 1060=1, 1240=1, 1250=1} @4400mm (pw=4400, util=100.0%)","true","1","1","0","0.000000000","11","157","0.033506649","0","200","228.466257669","0.033937123","2.164739079",,"4352","27361"
"4370|850x1,1125x1,1150x1,1240x1","{850=1, 1125=1, 1150=1, 1240=1} @4370mm (pw=4365, util=99.9%)","true","1","1","0","0.000000000","12","151","0.032288001","0","235","228.466257669","0.132736156","1.608151630",,"4536","43032"
"4390|850x1,1150x2,1240x1","{850=1, 1150=2, 1240=1} @4390mm (pw=4390, util=100.0%)","true","1","1","0","0.000000000","11","145","0.030530532","0","210","228.466257669","0.051370942","1.828842031",,"4837","37227"
"4390|600x1,850x1,980x3","{600=1, 850=1, 980=3} @4390mm (pw=4390, util=100.0%)","false","1","1","0","0.000000000","11","166","0.026983963","1","210","228.466257669","0.051370942","2.153131619",,"5502","27713"
"4320|1060x3,1140x1","{1060=3, 1140=1} @4320mm (pw=4320, util=100.0%)","true","1","1","0","0.000000000","3","22","0.005441152","0","280","228.466257669","0.019035385","2.830338954",,"28886","10522"
"4360|1090x4","{1090=4} @4360mm (pw=4360, util=100.0%)","true","1","1","0","0.000000000","3","71","0.017870627","0","240","228.466257669","0.079784630","1.621066097",,"11701","42700"
"4390|980x2,1130x1,1300x1","{980=2, 1130=1, 1300=1} @4390mm (pw=4390, util=100.0%)","true","1","1","0","0.000000000","10","86","0.017797189","0","210","228.466257669","0.051370942","1.924120721",,"12037","34454"
"4390|780x4,1270x1","{780=4, 1270=1} @4390mm (pw=4390, util=100.0%)","false","1","1","0","0.000000000","1","7","0.002509860","1","210","228.466257669","0.051370942","2.245780826",,"42784","24913"
"4390|550x1,1280x3","{550=1, 1280=3} @4390mm (pw=4390, util=100.0%)","true","1","1","0","0.000000000","2","19","0.002971828","0","210","228.466257669","0.051370942","1.828366178",,"39750","37233"
"4310|860x1,970x1,1240x2","{860=1, 970=1, 1240=2} @4310mm (pw=4310, util=100.0%)","true","0","0","29","0.000000000","9","62","0.018402096","0","290","228.466257669","0.015991367","2.775275836","1","11027","11644"
"4320|980x1,1000x1,1100x1,1240x1","{980=1, 1000=1, 1100=1, 1240=1} @4320mm (pw=4320, util=100.0%)","true","0","0","0","0.000000000","32","364","0.090976114","0","280","228.466257669","0.019035385","2.202493986",,"1","26234"
"4330|1015x2,1080x1,1220x1","{1015=2, 1080=1, 1220=1} @4330mm (pw=4330, util=100.0%)","false","0","0","0","0.000000000","1","4","0.001305057","2","270","228.466257669","0.023510746","5.541227897",,"50150","1"
"4300|980x2,1100x1,1240x1","{980=2, 1100=1, 1240=1} @4300mm (pw=4300, util=100.0%)","true","0","0","26","0.000000000","24","335","0.085090179","0","300","228.466257669","0.013786687","2.157622991","2","30","27583"
"4400|1015x1,1080x2,1220x1","{1015=1, 1080=2, 1220=1} @4400mm (pw=4395, util=99.9%)","false","0","0","0","0.000000000","1","4","0.001305057","2","205","228.466257669","0.040872618","5.522128735",,"50132","2"
"4400|970x1,1090x1,1100x1,1240x1","{970=1, 1090=1, 1100=1, 1240=1} @4400mm (pw=4400, util=100.0%)","true","0","0","0","0.000000000","23","341","0.090324620","0","200","228.466257669","0.033937123","2.031014486",,"2","31272"
"4320|1015x1,1080x2,1140x1","{1015=1, 1080=2, 1140=1} @4320mm (pw=4315, util=99.9%)","false","0","0","0","0.000000000","2","6","0.001676446","2","285","228.466257669","0.017381105","5.339153533",,"48184","3"
"4320|980x1,1090x1,1100x1,1150x1","{980=1, 1090=1, 1100=1, 1150=1} @4320mm (pw=4320, util=100.0%)","true","0","0","0","0.000000000","24","370","0.090238562","0","280","228.466257669","0.019035385","1.743412490",,"3","39616"
"4400|970x2,980x1,1480x1","{970=2, 980=1, 1480=1} @4400mm (pw=4400, util=100.0%)","true","0","0","20","2.083636778","11","90","0.017720827","0","200","228.466257669","0.033937123","2.986062177","3","12214","7926"
"4300|850x1,1090x1,1100x1,1260x1","{850=1, 1090=1, 1100=1, 1260=1} @4300mm (pw=4300, util=100.0%)","true","0","0","0","0.000000000","22","388","0.090169396","0","300","228.466257669","0.013786687","1.957785169",,"4","33425"
"4310|1015x3,1260x1","{1015=3, 1260=1} @4310mm (pw=4305, util=99.9%)","false","0","0","0","0.000000000","3","16","0.005600280","1","295","228.466257669","0.014807413","5.324868775",,"28397","4"
"4400|1090x3,1130x1","{1090=3, 1130=1} @4400mm (pw=4400, util=100.0%)","true","0","1","19","0.778651272","5","76","0.019245764","0","200","228.466257669","0.033937123","1.599495222","4","9463","43257"
"4310|980x1,1090x1,1100x1,1140x1","{980=1, 1090=1, 1100=1, 1140=1} @4310mm (pw=4310, util=100.0%)","true","0","0","0","0.000000000","24","366","0.089054596","0","290","228.466257669","0.015991367","2.347002669",,"5","22034"
"4340|860x1,1000x1,1240x2","{860=1, 1000=1, 1240=2} @4340mm (pw=4340, util=100.0%)","true","0","0","19","0.034479610","14","79","0.022027718","0","260","228.466257669","0.030737318","2.801826244","5","6766","11105"
"4380|980x1,1060x1,1100x1,1240x1","{980=1, 1060=1, 1100=1, 1240=1} @4380mm (pw=4380, util=100.0%)","true","0","0","0","0.000000000","25","351","0.088854885","0","220","228.466257669","0.105638367","2.200110364",,"6","26297"
"4400|1015x2,1050x1,1320x1","{1015=2, 1050=1, 1320=1} @4400mm (pw=4400, util=100.0%)","false","0","0","0","0.000000000","1","4","0.000919752","2","200","228.466257669","0.033937123","5.315127902",,"52008","6"
"4300|980x1,1090x1,1100x1,1130x1","{980=1, 1090=1, 1100=1, 1130=1} @4300mm (pw=4300, util=100.0%)","true","0","0","0","0.000000000","24","365","0.088753288","0","300","228.466257669","0.013786687","1.678408331",,"7","41272"
"4310|850x1,980x1,1240x2","{850=1, 980=1, 1240=2} @4310mm (pw=4310, util=100.0%)","true","0","0","18","0.000000000","16","212","0.042566619","0","290","228.466257669","0.015991367","2.199619248","7","3927","26316"
"4370|1015x2,1080x1,1260x1","{1015=2, 1080=1, 1260=1} @4370mm (pw=4370, util=100.0%)","false","0","0","0","0.000000000","3","16","0.005600280","2","230","228.466257669","0.394673123","5.305769613",,"28399","7"
"4370|550x1,910x1,970x3","{550=1, 910=1, 970=3} @4370mm (pw=4370, util=100.0%)","false","0","1","17","1.000000000","4","25","0.003029498","1","230","228.466257669","0.394673123","1.832745126","8","39070","37124"
"4390|1015x2,1140x1,1220x1","{1015=2, 1140=1, 1220=1} @4390mm (pw=4390, util=100.0%)","false","0","0","0","0.000000000","3","10","0.002981503","1","210","228.466257669","0.051370942","5.170929756",,"39635","8"
"4390|980x1,1090x1,1100x1,1220x1","{980=1, 1090=1, 1100=1, 1220=1} @4390mm (pw=4390, util=100.0%)","true","0","0","0","0.000000000","23","364","0.088683207","0","210","228.466257669","0.051370942","2.529977871",,"8","17180"
"4300|850x1,970x1,1240x2","{850=1, 970=1, 1240=2} @4300mm (pw=4300, util=100.0%)","true","0","0","17","0.000000000","12","147","0.029930433","0","300","228.466257669","0.013786687","2.217939835","9","4994","25723"
"4320|840x1,1080x2,1320x1","{840=1, 1080=2, 1320=1} @4320mm (pw=4320, util=100.0%)","false","0","0","0","0.000000000","4","9","0.001187178","2","280","228.466257669","0.019035385","5.146866685",,"51397","9"
"4360|980x1,1090x1,1100x1,1190x1","{980=1, 1090=1, 1100=1, 1190=1} @4360mm (pw=4360, util=100.0%)","true","0","0","0","0.000000000","23","364","0.088609677","0","240","228.466257669","0.079784630","1.662726336",,"9","41679"
"4300|1015x2,1050x1,1220x1","{1015=2, 1050=1, 1220=1} @4300mm (pw=4300, util=100.0%)","false","0","0","0","0.000000000","2","8","0.002224809","1","300","228.466257669","0.013786687","5.116780115",,"44743","10"
"4320|550x1,600x1,980x1,1090x1,1100x1","{550=1, 600=1, 980=1, 1090=1, 1100=1} @4320mm (pw=4320, util=100.0%)","false","0","0","0","0.000000000","23","373","0.088147336","1","280","228.466257669","0.019035385","1.710992778",,"10","40435"
"4370|1015x1,1050x1,1080x1,1220x1","{1015=1, 1050=1, 1080=1, 1220=1} @4370mm (pw=4365, util=99.9%)","false","0","0","0","0.000000000","2","8","0.002224809","2","235","228.466257669","0.132736156","5.097680953",,"44748","11"
"4370|940x1,1090x1,1100x1,1240x1","{940=1, 1090=1, 1100=1, 1240=1} @4370mm (pw=4370, util=100.0%)","false","0","0","0","0.000000000","20","329","0.088064308","1","230","228.466257669","0.394673123","1.462498284",,"11","46304"
"4370|980x1,1100x2,1190x1","{980=1, 1100=2, 1190=1} @4370mm (pw=4370, util=100.0%)","true","0","0","16","0.317084092","20","293","0.070739051","0","230","228.466257669","0.394673123","1.596710354","11","541","43322"
"4350|840x1,1015x2,1480x1","{840=1, 1015=2, 1480=1} @4350mm (pw=4350, util=100.0%)","false","0","0","0","0.000000000","5","10","0.001751194","1","250","228.466257669","0.044377893","5.050286191",,"47699","12"
"4380|950x1,1090x1,1100x1,1240x1","{950=1, 1090=1, 1100=1, 1240=1} @4380mm (pw=4380, util=100.0%)","false","0","0","0","0.000000000","20","329","0.088064308","1","220","228.466257669","0.105638367","2.271715104",,"12","24148"
"4400|850x2,860x2,980x1","{850=2, 860=2, 980=1} @4400mm (pw=4400, util=100.0%)","true","0","4","16","0.311499667","12","170","0.027543090","0","200","228.466257669","0.033937123","2.518712407","12","5460","17453"
"4340|1000x1,1100x2,1140x1","{1000=1, 1100=2, 1140=1} @4340mm (pw=4340, util=100.0%)","true","0","0","16","0.020720424","22","247","0.062173406","0","260","228.466257669","0.030737318","2.325857682","13","1085","22623"
"4340|860x1,1080x2,1320x1","{860=1, 1080=2, 1320=1} @4340mm (pw=4340, util=100.0%)","false","0","0","0","0.000000000","1","4","0.000559128","2","260","228.466257669","0.030737318","5.049586430",,"53916","13"
"4390|960x1,1090x1,1100x1,1240x1","{960=1, 1090=1, 1100=1, 1240=1} @4390mm (pw=4390, util=100.0%)","false","0","0","0","0.000000000","20","329","0.088064308","1","210","228.466257669","0.051370942","1.818905156",,"13","37538"
"4340|910x1,1090x1,1100x1,1240x1","{910=1, 1090=1, 1100=1, 1240=1} @4340mm (pw=4340, util=100.0%)","false","0","0","0","0.000000000","20","329","0.088064308","1","260","228.466257669","0.030737318","1.462498284",,"14","46305"
"4350|1015x2,1080x1,1240x1","{1015=2, 1080=1, 1240=1} @4350mm (pw=4350, util=100.0%)","false","0","0","0","0.000000000","5","46","0.015582656","2","250","228.466257669","0.044377893","5.023943925",,"15900","14"
"4350|960x1,1100x2,1190x1","{960=1, 1100=2, 1190=1} @4350mm (pw=4350, util=100.0%)","false","0","0","16","0.000000000","13","216","0.055842552","1","250","228.466257669","0.044377893","1.402921611","14","3223","47462"
"4330|900x1,1090x1,1100x1,1240x1","{900=1, 1090=1, 1100=1, 1240=1} @4330mm (pw=4330, util=100.0%)","false","0","0","0","0.000000000","20","329","0.088064308","1","270","228.466257669","0.023510746","1.462498284",,"15","46306"
"4360|550x1,760x1,1015x3","{550=1, 760=1, 1015=3} @4360mm (pw=4355, util=99.9%)","false","0","0","0","0.000000000","3","25","0.002025204","1","245","228.466257669","0.057032890","4.990842007",,"46037","15"
"4360|970x1,1100x2,1190x1","{970=1, 1100=2, 1190=1} @4360mm (pw=4360, util=100.0%)","true","0","0","16","0.000000000","16","228","0.058102865","0","240","228.466257669","0.079784630","1.615030940","15","1845","42860"
"4310|1015x2,1140x2","{1015=2, 1140=2} @4310mm (pw=4310, util=100.0%)","false","0","0","0","0.000000000","2","6","0.001676446","1","290","228.466257669","0.015991367","4.987954554",,"48136","16"
"4320|890x1,1090x1,1100x1,1240x1","{890=1, 1090=1, 1100=1, 1240=1} @4320mm (pw=4320, util=100.0%)","false","0","0","0","0.000000000","20","329","0.088064308","1","280","228.466257669","0.019035385","1.997743239",,"16","32265"
"4300|870x1,1090x1,1100x1,1240x1","{870=1, 1090=1, 1100=1, 1240=1} @4300mm (pw=4300, util=100.0%)","false","0","0","0","0.000000000","20","329","0.088064308","1","300","228.466257669","0.013786687","2.125979598",,"17","28539"
"4360|840x2,850x2,980x1","{840=2, 850=2, 980=1} @4360mm (pw=4360, util=100.0%)","true","0","0","15","0.133879656","15","175","0.028171141","0","240","228.466257669","0.079784630","2.713272917","17","5328","12957"
"4400|840x1,1015x1,1220x1,1320x1","{840=1, 1015=1, 1220=1, 1320=1} @4400mm (pw=4395, util=99.9%)","false","0","0","0","0.000000000","5","13","0.002492236","2","205","228.466257669","0.040872618","4.978642908",,"42998","17"
"4300|1000x1,1100x3","{1000=1, 1100=3} @4300mm (pw=4300, util=100.0%)","true","0","0","15","0.000000000","20","241","0.060496960","0","300","228.466257669","0.013786687","1.612818237","18","1273","42913"
"4370|980x1,1090x1,1100x1,1200x1","{980=1, 1090=1, 1100=1, 1200=1} @4370mm (pw=4370, util=100.0%)","true","0","0","0","0.000000000","23","362","0.088004913","0","230","228.466257669","0.394673123","1.587513474",,"18","43540"
"4380|1015x1,1080x1,1140x2","{1015=1, 1080=1, 1140=2} @4380mm (pw=4375, util=99.9%)","false","0","0","0","0.000000000","2","6","0.001676446","2","225","228.466257669","0.223901099","4.968855392",,"48146","18"
"4370|600x2,980x1,1090x1,1100x1","{600=2, 980=1, 1090=1, 1100=1} @4370mm (pw=4370, util=100.0%)","false","0","0","0","0.000000000","22","360","0.087378150","1","230","228.466257669","0.394673123","1.872879834",,"19","35948"
"4370|860x1,1015x2,1480x1","{860=1, 1015=2, 1480=1} @4370mm (pw=4370, util=100.0%)","false","0","0","0","0.000000000","2","5","0.001123144","1","230","228.466257669","0.394673123","4.953005936",,"51953","19"
"4380|840x2,850x2,1000x1","{840=2, 850=2, 1000=1} @4380mm (pw=4380, util=100.0%)","true","0","0","15","0.000000000","16","127","0.019160577","0","220","228.466257669","0.105638367","2.758143912","19","9674","12021"
"4310|850x1,1090x1,1100x1,1270x1","{850=1, 1090=1, 1100=1, 1270=1} @4310mm (pw=4310, util=100.0%)","true","0","0","0","0.000000000","20","379","0.087078976","0","290","228.466257669","0.015991367","1.359085274",,"20","48187"
"4360|1015x2,1080x1,1250x1","{1015=2, 1080=1, 1250=1} @4360mm (pw=4360, util=100.0%)","false","0","0","0","0.000000000","1","6","0.002071823","2","240","228.466257669","0.079784630","4.946576382",,"45852","20"
"4400|910x2,1100x1,1480x1","{910=2, 1100=1, 1480=1} @4400mm (pw=4400, util=100.0%)","false","0","0","15","0.000000000","13","213","0.055175041","1","200","228.466257669","0.033937123","1.638084700","20","3580","42310"
"4310|970x1,1100x2,1140x1","{970=1, 1100=2, 1140=1} @4310mm (pw=4310, util=100.0%)","true","0","0","14","0.000000000","17","230","0.058547784","0","290","228.466257669","0.015991367","2.299307273","21","1683","23376"
"4380|550x1,790x1,850x1,1090x1,1100x1","{550=1, 790=1, 850=1, 1090=1, 1100=1} @4380mm (pw=4380, util=100.0%)","true","0","0","0","0.000000000","21","399","0.086938119","0","220","228.466257669","0.105638367","1.250478877",,"21","49924"
"4380|840x4,1015x1","{840=4, 1015=1} @4380mm (pw=4375, util=99.9%)","false","0","0","0","0.000000000","4","9","0.001187178","1","225","228.466257669","0.223901099","4.913997104",,"51307","21"
"4320|850x1,1090x1,1100x1,1280x1","{850=1, 1090=1, 1100=1, 1280=1} @4320mm (pw=4320, util=100.0%)","true","0","0","0","0.000000000","20","378","0.086771759","0","280","228.466257669","0.019035385","1.525034816",,"22","44984"
"4380|550x1,780x1,1015x3","{550=1, 780=1, 1015=3} @4380mm (pw=4375, util=99.9%)","false","0","0","0","0.000000000","1","13","0.000769185","2","225","228.466257669","0.223901099","4.913426844",,"52270","22"
"4400|550x1,850x1,1000x3","{550=1, 850=1, 1000=3} @4400mm (pw=4400, util=100.0%)","true","0","1","12","2.821096032","13","131","0.018742584","0","200","228.466257669","0.033937123","2.125857550","22","10227","28541"
"4350|1000x1,1015x2,1320x1","{1000=1, 1015=2, 1320=1} @4350mm (pw=4350, util=100.0%)","false","0","0","0","0.000000000","8","29","0.005885935","2","250","228.466257669","0.044377893","4.912054166",,"27562","23"
"4350|550x1,760x1,850x1,1090x1,1100x1","{550=1, 760=1, 850=1, 1090=1, 1100=1} @4350mm (pw=4350, util=100.0%)","true","0","0","0","0.000000000","22","397","0.086594320","0","250","228.466257669","0.044377893","1.623758401",,"23","42645"
"4370|790x1,1100x1,1240x2","{790=1, 1100=1, 1240=2} @4370mm (pw=4370, util=100.0%)","true","0","0","12","0.665520390","18","272","0.071793498","0","230","228.466257669","0.394673123","1.940517070","23","405","33961"
"4310|600x1,840x2,1015x2","{600=1, 840=2, 1015=2} @4310mm (pw=4310, util=100.0%)","false","0","0","0","0.000000000","4","9","0.001187178","2","290","228.466257669","0.015991367","4.908613063",,"51401","24"
"4340|1000x2,1100x1,1240x1","{1000=2, 1100=1, 1240=1} @4340mm (pw=4340, util=100.0%)","true","0","0","12","0.000000000","25","287","0.076079616","0","260","228.466257669","0.030737318","2.247364981","24","106","24870"
"4340|850x1,1090x1,1100x1,1300x1","{850=1, 1090=1, 1100=1, 1300=1} @4340mm (pw=4340, util=100.0%)","true","0","0","0","0.000000000","20","376","0.086094669","0","260","228.466257669","0.030737318","1.398012105",,"24","47565"
"4350|1050x1,1080x2,1140x1","{1050=1, 1080=2, 1140=1} @4350mm (pw=4350, util=100.0%)","false","0","0","0","0.000000000","3","10","0.002596198","1","250","228.466257669","0.044377893","4.895606588",,"42154","25"
"4370|980x1,1050x1,1100x1,1240x1","{980=1, 1050=1, 1100=1, 1240=1} @4370mm (pw=4370, util=100.0%)","true","0","0","0","0.000000000","25","339","0.086009931","0","230","228.466257669","0.394673123","2.605567721",,"25","15356"
"4380|940x1,1100x2,1240x1","{940=1, 1100=2, 1240=1} @4380mm (pw=4380, util=100.0%)","false","0","0","12","0.000000000","17","258","0.070193681","1","220","228.466257669","0.105638367","1.396482302","25","589","47582"
"4330|1015x3,1280x1","{1015=3, 1280=1} @4330mm (pw=4325, util=99.9%)","false","0","0","0","0.000000000","1","6","0.002202643","1","275","228.466257669","0.021037687","4.892118423",,"44775","26"
"4330|850x1,1000x1,1240x2","{850=1, 1000=1, 1240=2} @4330mm (pw=4330, util=100.0%)","true","0","3","11","1.319727891","17","164","0.033556055","0","270","228.466257669","0.023510746","2.244490243","26","4324","24955"
"4400|600x1,760x1,850x1,1090x1,1100x1","{600=1, 760=1, 850=1, 1090=1, 1100=1} @4400mm (pw=4400, util=100.0%)","false","0","0","0","0.000000000","21","384","0.085825135","1","200","228.466257669","0.033937123","1.785645456",,"26","38487"
"4330|950x1,1080x2,1220x1","{950=1, 1080=2, 1220=1} @4330mm (pw=4330, util=100.0%)","false","0","0","0","0.000000000","1","4","0.001305057","2","270","228.466257669","0.023510746","4.889658265",,"50155","27"
"4370|550x1,780x1,850x1,1090x1,1100x1","{550=1, 780=1, 850=1, 1090=1, 1100=1} @4370mm (pw=4370, util=100.0%)","false","0","0","0","0.000000000","20","385","0.085338302","1","230","228.466257669","0.394673123","1.546343238",,"27","44520"
"4380|980x1,1100x2,1200x1","{980=1, 1100=2, 1200=1} @4380mm (pw=4380, util=100.0%)","true","0","0","11","0.863850334","20","291","0.070134286","0","220","228.466257669","0.105638367","1.521497491","27","633","45046"
"4330|550x1,740x1,850x1,1090x1,1100x1","{550=1, 740=1, 850=1, 1090=1, 1100=1} @4330mm (pw=4330, util=100.0%)","false","0","0","0","0.000000000","20","385","0.085338302","1","270","228.466257669","0.023510746","1.122467872",,"28","51546"
"4380|600x1,840x2,1015x1,1080x1","{600=1, 840=2, 1015=1, 1080=1} @4380mm (pw=4375, util=99.9%)","false","0","0","0","0.000000000","4","9","0.001187178","3","225","228.466257669","0.223901099","4.889513901",,"51443","28"
"4390|550x1,840x1,1000x3","{550=1, 840=1, 1000=3} @4390mm (pw=4390, util=100.0%)","true","0","0","11","0.346311174","13","51","0.007842298","0","210","228.466257669","0.051370942","2.780473806","28","23711","11536"
"4320|970x1,1015x2,1320x1","{970=1, 1015=2, 1320=1} @4320mm (pw=4320, util=100.0%)","false","0","0","0","0.000000000","3","12","0.002260313","2","280","228.466257669","0.019035385","4.885503758",,"44262","29"
"4340|850x1,1100x1,1150x1,1240x1","{850=1, 1100=1, 1150=1, 1240=1} @4340mm (pw=4340, util=100.0%)","true","0","0","0","0.000000000","23","357","0.085141557","0","260","228.466257669","0.030737318","1.719392765",,"29","40242"
"4340|860x1,1100x2,1280x1","{860=1, 1100=2, 1280=1} @4340mm (pw=4340, util=100.0%)","true","0","0","11","0.099605799","14","222","0.057372796","0","260","228.466257669","0.030737318","2.016354835","29","2176","31705"
"4340|1015x2,1050x1,1260x1","{1015=2, 1050=1, 1260=1} @4340mm (pw=4340, util=100.0%)","false","0","0","0","0.000000000","4","20","0.006520032","1","260","228.466257669","0.030737318","4.881321831",,"26250","30"
"4340|850x1,1125x2,1240x1","{850=1, 1125=2, 1240=1} @4340mm (pw=4340, util=100.0%)","true","0","0","11","0.000000000","10","141","0.029427589","0","260","228.466257669","0.030737318","1.387461228","30","5068","47724"
"4340|940x1,1100x2,1200x1","{940=1, 1100=2, 1200=1} @4340mm (pw=4340, util=100.0%)","false","0","0","11","0.000000000","13","214","0.055237788","1","260","228.466257669","0.030737318","0.971301876","31","3547","52870"
"4390|1015x2,1080x1,1280x1","{1015=2, 1080=1, 1280=1} @4390mm (pw=4390, util=100.0%)","false","0","0","0","0.000000000","1","6","0.002202643","2","210","228.466257669","0.051370942","4.873019260",,"44801","31"
"4390|980x1,1070x1,1100x1,1240x1","{980=1, 1070=1, 1100=1, 1240=1} @4390mm (pw=4390, util=100.0%)","false","0","0","0","0.000000000","24","335","0.085090179","1","210","228.466257669","0.051370942","2.042792465",,"31","30899"
"4330|980x1,1015x2,1320x1","{980=1, 1015=2, 1320=1} @4330mm (pw=4330, util=100.0%)","false","0","0","0","0.000000000","7","77","0.014896498","2","270","228.466257669","0.023510746","4.867183171",,"16936","32"
"4350|980x1,1030x1,1100x1,1240x1","{980=1, 1030=1, 1100=1, 1240=1} @4350mm (pw=4350, util=100.0%)","false","0","0","0","0.000000000","24","335","0.085090179","1","250","228.466257669","0.044377893","2.201287218",,"32","26263"
"4400|1100x4","{1100=4} @4400mm (pw=4400, util=100.0%)","true","0","3","10","0.068631410","12","212","0.054611025","0","200","228.466257669","0.033937123","1.357002169","32","3659","48231"
"4360|1020x1,1100x2,1140x1","{1020=1, 1100=2, 1140=1} @4360mm (pw=4360, util=100.0%)","false","0","0","10","0.062500000","14","218","0.056287471","1","240","228.466257669","0.079784630","1.873348881","33","2838","35932"
"4390|970x1,1015x1,1080x1,1320x1","{970=1, 1015=1, 1080=1, 1320=1} @4390mm (pw=4385, util=99.9%)","false","0","0","0","0.000000000","3","12","0.002260313","3","215","228.466257669","0.069126378","4.866404595",,"44323","33"
"4400|980x1,1080x1,1100x1,1240x1","{980=1, 1080=1, 1100=1, 1240=1} @4400mm (pw=4400, util=100.0%)","false","0","0","0","0.000000000","24","335","0.085090179","1","200","228.466257669","0.033937123","3.030015503",,"33","7253"
"4300|1060x1,1080x3","{1060=1, 1080=3} @4300mm (pw=4300, util=100.0%)","false","0","0","0","0.000000000","1","16","0.003764706","1","300","228.466257669","0.013786687","4.860447373",,"35097","34"
"4300|960x1,1100x2,1140x1","{960=1, 1100=2, 1140=1} @4300mm (pw=4300, util=100.0%)","false","0","0","10","0.000000000","14","218","0.056287471","1","300","228.466257669","0.013786687","2.087197944","34","2849","29611"
"4340|980x1,1020x1,1100x1,1240x1","{980=1, 1020=1, 1100=1, 1240=1} @4340mm (pw=4340, util=100.0%)","false","0","0","0","0.000000000","24","335","0.085090179","1","260","228.466257669","0.030737318","1.749985185",,"34","39440"
"4320|980x1,1100x2,1140x1","{980=1, 1100=2, 1140=1} @4320mm (pw=4320, util=100.0%)","true","0","0","10","0.000000000","21","295","0.071183970","0","280","228.466257669","0.019035385","2.280986687","35","470","23899"
"4340|980x1,1015x1,1100x1,1240x1","{980=1, 1015=1, 1100=1, 1240=1} @4340mm (pw=4335, util=99.9%)","false","0","0","0","0.000000000","24","335","0.085090179","1","265","228.466257669","0.026642694","3.049114665",,"35","6977"
"4400|980x1,1015x1,1080x1,1320x1","{980=1, 1015=1, 1080=1, 1320=1} @4400mm (pw=4395, util=99.9%)","false","0","0","0","0.000000000","7","77","0.014896498","3","205","228.466257669","0.040872618","4.848084009",,"17032","35"
"4330|980x1,1010x1,1100x1,1240x1","{980=1, 1010=1, 1100=1, 1240=1} @4330mm (pw=4330, util=100.0%)","false","0","0","0","0.000000000","24","335","0.085090179","1","270","228.466257669","0.023510746","1.814103364",,"36","37673"
"4380|870x1,1015x2,1480x1","{870=1, 1015=2, 1480=1} @4380mm (pw=4380, util=100.0%)","false","0","0","0","0.000000000","1","1","0.000564016","2","220","228.466257669","0.105638367","4.845690051",,"53661","36"
"4400|1010x1,1100x2,1190x1","{1010=1, 1100=2, 1190=1} @4400mm (pw=4400, util=100.0%)","false","0","0","10","0.000000000","13","216","0.055842552","1","200","228.466257669","0.033937123","1.253190727","36","3224","49892"
"4360|850x1,1090x1,1100x1,1320x1","{850=1, 1090=1, 1100=1, 1320=1} @4360mm (pw=4360, util=100.0%)","false","0","0","0","0.000000000","19","372","0.084569116","1","240","228.466257669","0.079784630","2.391591239",,"37","20803"
"4390|760x2,840x1,1015x2","{760=2, 840=1, 1015=2} @4390mm (pw=4390, util=100.0%)","false","0","0","0","0.000000000","6","21","0.002443197","1","210","228.466257669","0.051370942","4.828619266",,"43321","37"
"4400|760x1,850x2,970x2","{760=1, 850=2, 970=2} @4400mm (pw=4400, util=100.0%)","true","0","4","9","4.308931385","9","113","0.015603795","0","200","228.466257669","0.033937123","2.102538415","37","15821","29154"
"4380|600x1,740x1,850x1,1090x1,1100x1","{600=1, 740=1, 850=1, 1090=1, 1100=1} @4380mm (pw=4380, util=100.0%)","false","0","0","0","0.000000000","19","372","0.084569116","2","220","228.466257669","0.105638367","1.284354928",,"38","49404"
"4400|840x3,860x1,1015x1","{840=3, 860=1, 1015=1} @4400mm (pw=4395, util=99.9%)","false","0","0","0","0.000000000","5","13","0.001746306","1","205","228.466257669","0.040872618","4.816716849",,"47738","38"
"4320|850x1,1100x1,1125x1,1240x1","{850=1, 1100=1, 1125=1, 1240=1} @4320mm (pw=4315, util=99.9%)","true","0","0","0","0.000000000","22","353","0.084038615","0","285","228.466257669","0.017381105","1.498702364",,"39","45572"
"4330|600x1,840x1,860x1,1015x2","{600=1, 840=1, 860=1, 1015=2} @4330mm (pw=4330, util=100.0%)","false","0","0","0","0.000000000","5","13","0.001746306","2","270","228.466257669","0.023510746","4.811332808",,"47816","39"
"4350|1010x1,1100x2,1140x1","{1010=1, 1100=2, 1140=1} @4350mm (pw=4350, util=100.0%)","false","0","0","8","0.172322573","14","218","0.056287471","1","250","228.466257669","0.044377893","1.937467060","39","2841","34047"
"4320|840x1,1015x1,1140x1,1320x1","{840=1, 1015=1, 1140=1, 1320=1} @4320mm (pw=4315, util=99.9%)","false","0","0","0","0.000000000","6","15","0.002863624","2","285","228.466257669","0.017381105","4.795667706",,"40366","40"
"4330|850x1,1100x1,1140x1,1240x1","{850=1, 1100=1, 1140=1, 1240=1} @4330mm (pw=4330, util=100.0%)","true","0","0","0","0.000000000","23","353","0.083957591","0","270","228.466257669","0.023510746","2.322982944",,"40","22697"
"4380|850x3,860x1,970x1","{850=3, 860=1, 970=1} @4380mm (pw=4380, util=100.0%)","true","0","0","8","0.102564103","8","105","0.014906905","0","220","228.466257669","0.105638367","1.979696992","40","16873","32770"
"4320|850x1,1100x1,1130x1,1240x1","{850=1, 1100=1, 1130=1, 1240=1} @4320mm (pw=4320, util=100.0%)","true","0","0","0","0.000000000","23","352","0.083656283","0","280","228.466257669","0.019035385","1.654388606",,"41","41876"
"4320|970x2,1190x2","{970=2, 1190=2} @4320mm (pw=4320, util=100.0%)","true","0","0","8","0.000000000","4","16","0.003491840","0","280","228.466257669","0.019035385","1.873059712","41","36788","35939"
"4400|600x1,840x1,860x1,1015x1,1080x1","{600=1, 840=1, 860=1, 1015=1, 1080=1} @4400mm (pw=4395, util=99.9%)","false","0","0","0","0.000000000","5","13","0.001746306","3","205","228.466257669","0.040872618","4.792233646",,"47871","41"
"4320|550x1,840x1,850x1,980x1,1100x1","{550=1, 840=1, 850=1, 980=1, 1100=1} @4320mm (pw=4320, util=100.0%)","true","0","0","0","0.000000000","28","400","0.083551352","0","280","228.466257669","0.019035385","2.098181329",,"42","29304"
"4320|980x2,1100x1,1260x1","{980=2, 1100=1, 1260=1} @4320mm (pw=4320, util=100.0%)","true","0","0","7","1.293477966","22","305","0.075107804","0","280","228.466257669","0.019035385","2.439448678","42","137","19506"
"4380|840x1,1080x1,1140x1,1320x1","{840=1, 1080=1, 1140=1, 1320=1} @4380mm (pw=4380, util=100.0%)","false","0","0","0","0.000000000","6","15","0.002863624","2","220","228.466257669","0.105638367","4.776568544",,"40352","42"
"4350|1015x3,1300x1","{1015=3, 1300=1} @4350mm (pw=4345, util=99.9%)","false","0","0","0","0.000000000","1","4","0.001525553","1","255","228.466257669","0.036319073","4.765095711",,"49111","43"
"4380|850x1,1100x1,1190x1,1240x1","{850=1, 1100=1, 1190=1, 1240=1} @4380mm (pw=4380, util=100.0%)","true","0","0","0","0.000000000","22","351","0.083512673","0","220","228.466257669","0.105638367","1.638706611",,"43","42289"
"4320|600x1,790x1,850x1,980x1,1100x1","{600=1, 790=1, 850=1, 980=1, 1100=1} @4320mm (pw=4320, util=100.0%)","false","0","0","0","0.000000000","24","392","0.083194805","1","280","228.466257669","0.019035385","1.557295023",,"44","44279"
"4320|970x2,1100x1,1280x1","{970=2, 1100=1, 1280=1} @4320mm (pw=4320, util=100.0%)","true","0","0","7","0.000000000","16","230","0.059073981","0","280","228.466257669","0.019035385","2.043339499","44","1558","30889"
"4360|840x1,1080x1,1220x2","{840=1, 1080=1, 1220=2} @4360mm (pw=4360, util=100.0%)","false","0","0","0","0.000000000","5","13","0.002492236","1","240","228.466257669","0.079784630","4.761195959",,"42988","44"
"4330|1015x1,1080x2,1150x1","{1015=1, 1080=2, 1150=1} @4330mm (pw=4325, util=99.9%)","false","0","0","0","0.000000000","2","10","0.002860412","2","275","228.466257669","0.021037687","4.735563354",,"40453","45"
"4340|550x1,600x1,850x1,1100x1,1240x1","{550=1, 600=1, 850=1, 1100=1, 1240=1} @4340mm (pw=4340, util=100.0%)","false","0","0","0","0.000000000","22","360","0.083050331","1","260","228.466257669","0.030737318","1.686973053",,"45","41077"
"4360|850x2,860x2,940x1","{850=2, 860=2, 940=1} @4360mm (pw=4360, util=100.0%)","false","0","0","7","0.000000000","5","93","0.012646592","1","240","228.466257669","0.079784630","1.968516792","45","19994","33132"
"4330|550x1,840x2,1015x1,1080x1","{550=1, 840=2, 1015=1, 1080=1} @4330mm (pw=4325, util=99.9%)","false","0","0","0","0.000000000","5","22","0.001956364","2","275","228.466257669","0.021037687","4.727626845",,"46656","46"
"4340|550x1,850x1,860x1,980x1,1100x1","{550=1, 850=1, 860=1, 980=1, 1100=1} @4340mm (pw=4340, util=100.0%)","true","0","0","0","0.000000000","25","395","0.082923301","0","260","228.466257669","0.030737318","2.000901074",,"46","32169"
"4380|850x1,1150x1,1190x2","{850=1, 1150=1, 1190=2} @4380mm (pw=4380, util=100.0%)","true","0","0","7","0.000000000","7","103","0.016179403","0","220","228.466257669","0.105638367","1.398188313","46","14767","47560"
"4320|1015x3,1270x1","{1015=3, 1270=1} @4320mm (pw=4315, util=99.9%)","false","0","0","0","0.000000000","1","7","0.002509860","1","285","228.466257669","0.017381105","4.726168881",,"42789","47"
"4390|850x1,1100x1,1200x1,1240x1","{850=1, 1100=1, 1200=1, 1240=1} @4390mm (pw=4390, util=100.0%)","true","0","0","0","0.000000000","22","349","0.082907908","0","210","228.466257669","0.051370942","1.563493749",,"47","44141"
"4400|850x1,860x3,970x1","{850=1, 860=3, 970=1} @4400mm (pw=4400, util=100.0%)","true","0","0","6","4.405415912","8","105","0.014906905","0","200","228.466257669","0.033937123","3.094368995","47","16875","6364"
"4360|1000x2,1100x1,1260x1","{1000=2, 1100=1, 1260=1} @4360mm (pw=4360, util=100.0%)","true","0","3","6","2.200000000","23","257","0.066097240","0","240","228.466257669","0.079784630","2.529190669","48","945","17191"
"4370|600x1,840x1,850x1,980x1,1100x1","{600=1, 840=1, 850=1, 980=1, 1100=1} @4370mm (pw=4370, util=100.0%)","false","0","0","0","0.000000000","27","387","0.082782166","1","230","228.466257669","0.394673123","2.260068384",,"48","24505"
"4400|890x1,1015x2,1480x1","{890=1, 1015=2, 1480=1} @4400mm (pw=4400, util=100.0%)","false","0","0","0","0.000000000","1","1","0.000564016","2","200","228.466257669","0.033937123","4.717453692",,"53677","48"
"4330|550x1,850x2,980x1,1100x1","{550=1, 850=2, 980=1, 1100=1} @4330mm (pw=4330, util=100.0%)","true","0","0","0","0.000000000","24","391","0.082364173","0","270","228.466257669","0.023510746","1.443565072",,"49","46650"
"4330|980x2,1100x1,1270x1","{980=2, 1100=1, 1270=1} @4330mm (pw=4330, util=100.0%)","true","0","0","6","0.760958599","20","296","0.072017384","0","270","228.466257669","0.023510746","1.840748784","49","378","36914"
"4390|1080x3,1150x1","{1080=3, 1150=1} @4390mm (pw=4390, util=100.0%)","false","0","0","3","1.942533983","2","10","0.002860412","1","210","228.466257669","0.051370942","4.716464191","76","40399","49"
"4350|600x1,860x2,1015x2","{600=1, 860=2, 1015=2} @4350mm (pw=4350, util=100.0%)","false","0","0","0","0.000000000","1","4","0.000559128","2","250","228.466257669","0.044377893","4.714052553",,"53891","50"
"4370|550x1,850x1,890x1,980x1,1100x1","{550=1, 850=1, 890=1, 980=1, 1100=1} @4370mm (pw=4370, util=100.0%)","false","0","0","0","0.000000000","24","391","0.082364173","1","230","228.466257669","0.394673123","1.765348830",,"50","39013"
"4390|850x3,860x1,980x1","{850=3, 860=1, 980=1} @4390mm (pw=4390, util=100.0%)","true","0","0","6","0.124838613","12","170","0.027543090","0","210","228.466257669","0.051370942","1.961376406","50","5459","33321"
"4310|1015x2,1060x1,1220x1","{1015=2, 1060=1, 1220=1} @4310mm (pw=4310, util=100.0%)","false","0","0","0","0.000000000","2","20","0.005069763","1","290","228.466257669","0.015991367","4.711322758",,"29908","51"
"4340|550x1,790x1,1000x3","{550=1, 790=1, 1000=3} @4340mm (pw=4340, util=100.0%)","true","0","0","6","0.000000000","10","56","0.008254937","0","260","228.466257669","0.030737318","2.077700445","51","23013","29868"
"4380|550x1,850x1,900x1,980x1,1100x1","{550=1, 850=1, 900=1, 980=1, 1100=1} @4380mm (pw=4380, util=100.0%)","false","0","0","0","0.000000000","24","391","0.082364173","1","220","228.466257669","0.105638367","1.230103875",,"51","50203"
"4370|840x1,850x3,980x1","{840=1, 850=3, 980=1} @4370mm (pw=4370, util=100.0%)","true","0","0","6","0.000000000","15","175","0.028171141","0","230","228.466257669","0.394673123","2.058656661","52","5327","30425"
"4390|550x1,840x2,1080x2","{550=1, 840=2, 1080=2} @4390mm (pw=4390, util=100.0%)","false","0","0","0","0.000000000","5","22","0.001956364","1","210","228.466257669","0.051370942","4.708527683",,"46560","52"
"4390|550x1,850x1,910x1,980x1,1100x1","{550=1, 850=1, 910=1, 980=1, 1100=1} @4390mm (pw=4390, util=100.0%)","false","0","0","0","0.000000000","24","391","0.082364173","1","210","228.466257669","0.051370942","1.230103875",,"52","50204"
"4350|550x1,850x1,870x1,980x1,1100x1","{550=1, 850=1, 870=1, 980=1, 1100=1} @4350mm (pw=4350, util=100.0%)","false","0","0","0","0.000000000","24","391","0.082364173","1","250","228.466257669","0.044377893","1.893585189",,"53","35353"
"4380|1015x2,1080x1,1270x1","{1015=2, 1080=1, 1270=1} @4380mm (pw=4380, util=100.0%)","false","0","0","0","0.000000000","1","7","0.002509860","2","220","228.466257669","0.105638367","4.707069718",,"42799","53"
"4390|940x1,1100x2,1250x1","{940=1, 1100=2, 1250=1} @4390mm (pw=4390, util=100.0%)","false","0","0","6","0.000000000","13","218","0.056682848","1","210","228.466257669","0.051370942","1.319114759","53","2566","48861"
"4340|600x1,840x1,870x1,1015x2","{600=1, 840=1, 870=1, 1015=2} @4340mm (pw=4340, util=100.0%)","false","0","0","0","0.000000000","4","9","0.001187178","3","260","228.466257669","0.030737318","4.704016923",,"51590","54"
"4390|600x2,850x1,1100x1,1240x1","{600=2, 850=1, 1100=1, 1240=1} @4390mm (pw=4390, util=100.0%)","false","0","0","0","0.000000000","21","347","0.082281145","1","210","228.466257669","0.051370942","1.848860109",,"54","36664"
"4330|550x1,600x1,1015x1,1080x2","{550=1, 600=1, 1015=1, 1080=2} @4330mm (pw=4325, util=99.9%)","false","0","0","0","0.000000000","1","13","0.000769185","3","275","228.466257669","0.021037687","4.703143642",,"52827","55"
"4390|1090x1,1100x3","{1090=1, 1100=3} @4390mm (pw=4390, util=100.0%)","true","0","0","5","0.832842148","15","283","0.072481652","0","210","228.466257669","0.051370942","1.423018151","55","322","47050"
"4390|600x1,850x1,860x1,980x1,1100x1","{600=1, 850=1, 860=1, 980=1, 1100=1} @4390mm (pw=4390, util=100.0%)","false","0","0","0","0.000000000","24","382","0.082154116","1","210","228.466257669","0.051370942","2.162788129",,"55","27422"
"4300|860x1,1100x2,1240x1","{860=1, 1100=2, 1240=1} @4300mm (pw=4300, util=100.0%)","true","0","0","5","0.000000000","18","262","0.070752809","0","300","228.466257669","0.013786687","2.167279501","56","538","27285"
"4340|760x1,1015x1,1080x1,1480x1","{760=1, 1015=1, 1080=1, 1480=1} @4340mm (pw=4335, util=99.9%)","false","0","0","0","0.000000000","3","13","0.001820034","2","265","228.466257669","0.026642694","4.701693192",,"47191","56"
"4380|600x1,850x2,980x1,1100x1","{600=1, 850=2, 980=1, 1100=1} @4380mm (pw=4380, util=100.0%)","false","0","0","0","0.000000000","23","378","0.081594988","1","220","228.466257669","0.105638367","1.605452128",,"56","43095"
"4300|860x2,1100x1,1480x1","{860=2, 1100=1, 1480=1} @4300mm (pw=4300, util=100.0%)","true","0","0","5","0.000000000","14","217","0.055734169","0","300","228.466257669","0.013786687","3.179679096","57","3321","5337"
"4340|860x1,1015x1,1140x1,1320x1","{860=1, 1015=1, 1140=1, 1320=1} @4340mm (pw=4335, util=99.9%)","false","0","0","0","0.000000000","3","10","0.002235574","2","265","228.466257669","0.026642694","4.698387451",,"44659","57"
"4400|600x1,850x1,870x1,980x1,1100x1","{600=1, 850=1, 870=1, 980=1, 1100=1} @4400mm (pw=4400, util=100.0%)","false","0","0","0","0.000000000","23","378","0.081594988","2","200","228.466257669","0.033937123","2.055472245",,"57","30533"
"4310|600x1,780x1,850x1,980x1,1100x1","{600=1, 780=1, 850=1, 980=1, 1100=1} @4310mm (pw=4310, util=100.0%)","false","0","0","0","0.000000000","23","378","0.081594988","2","290","228.466257669","0.015991367","1.853159385",,"58","36507"
"4320|1000x1,1015x1,1080x1,1220x1","{1000=1, 1015=1, 1080=1, 1220=1} @4320mm (pw=4315, util=99.9%)","false","0","0","0","0.000000000","9","33","0.007190992","2","285","228.466257669","0.017381105","4.694607218",,"24876","58"
"4330|860x1,1100x2,1270x1","{860=1, 1100=2, 1270=1} @4330mm (pw=4330, util=100.0%)","true","0","0","5","0.000000000","14","223","0.057680013","0","270","228.466257669","0.023510746","1.850405293","58","1962","36603"
"4340|1000x1,1090x1,1100x1,1150x1","{1000=1, 1090=1, 1100=1, 1150=1} @4340mm (pw=4340, util=100.0%)","true","0","0","0","0.000000000","25","322","0.081227999","0","260","228.466257669","0.030737318","1.788283485",,"59","38407"
"4340|790x1,850x3,1000x1","{790=1, 850=3, 1000=1} @4340mm (pw=4340, util=100.0%)","true","0","0","5","0.000000000","13","132","0.019573216","0","260","228.466257669","0.030737318","1.400754295","59","9006","47498"
"4350|1015x1,1030x1,1080x1,1220x1","{1015=1, 1030=1, 1080=1, 1220=1} @4350mm (pw=4345, util=99.9%)","false","0","0","0","0.000000000","1","4","0.001305057","3","255","228.466257669","0.036319073","4.693400450",,"50222","59"
"4340|980x1,1000x1,1100x1,1260x1","{980=1, 1000=1, 1100=1, 1260=1} @4340mm (pw=4340, util=100.0%)","true","0","0","0","0.000000000","30","334","0.080993738","0","260","228.466257669","0.030737318","2.484319674",,"60","18320"
"4370|850x4,970x1","{850=4, 970=1} @4370mm (pw=4370, util=100.0%)","true","0","0","5","0.000000000","7","101","0.014347777","0","230","228.466257669","0.394673123","1.422360991","60","17711","47057"
"4380|1015x1,1060x1,1080x1,1220x1","{1015=1, 1060=1, 1080=1, 1220=1} @4380mm (pw=4375, util=99.9%)","false","0","0","0","0.000000000","2","20","0.005069763","2","225","228.466257669","0.223901099","4.692223596",,"29914","60"
"4320|1000x1,1090x1,1100x1,1125x1","{1000=1, 1090=1, 1100=1, 1125=1} @4320mm (pw=4315, util=99.9%)","true","0","0","0","0.000000000","24","318","0.080125056","0","285","228.466257669","0.017381105","1.567593084",,"61","44029"
"4370|550x1,840x1,950x1,1015x2","{550=1, 840=1, 950=1, 1015=2} @4370mm (pw=4370, util=100.0%)","false","0","0","0","0.000000000","5","22","0.001956364","2","230","228.466257669","0.394673123","4.687865374",,"46576","61"
"4390|840x1,850x3,1000x1","{840=1, 850=3, 1000=1} @4390mm (pw=4390, util=100.0%)","true","0","0","5","0.000000000","16","127","0.019160577","0","210","228.466257669","0.051370942","2.103527656","61","9675","29125"
"4330|1000x1,1090x1,1100x1,1140x1","{1000=1, 1090=1, 1100=1, 1140=1} @4330mm (pw=4330, util=100.0%)","true","0","0","0","0.000000000","25","318","0.080044033","0","270","228.466257669","0.023510746","2.391873664",,"62","20798"
"4390|550x1,600x1,1080x3","{550=1, 600=1, 1080=3} @4390mm (pw=4390, util=100.0%)","false","0","0","0","0.000000000","1","13","0.000769185","2","210","228.466257669","0.051370942","4.684044480",,"52300","62"
"4390|850x2,860x2,970x1","{850=2, 860=2, 970=1} @4390mm (pw=4390, util=100.0%)","true","0","0","5","0.000000000","8","105","0.014906905","0","210","228.466257669","0.051370942","2.537032994","62","16874","17029"
"4320|860x1,1015x1,1220x2","{860=1, 1015=1, 1220=2} @4320mm (pw=4315, util=99.9%)","false","0","0","0","0.000000000","2","8","0.001864185","1","285","228.466257669","0.017381105","4.683014866",,"47106","63"
"4400|1000x1,1060x1,1100x1,1240x1","{1000=1, 1060=1, 1100=1, 1240=1} @4400mm (pw=4400, util=100.0%)","true","0","0","0","0.000000000","26","303","0.079844322","0","200","228.466257669","0.033937123","2.244981360",,"63","24939"
"4400|740x1,850x2,980x2","{740=1, 850=2, 980=2} @4400mm (pw=4400, util=100.0%)","false","0","1","4","1.201167743","11","166","0.026983963","1","200","228.466257669","0.033937123","1.564606713","63","5503","44121"
"4320|1000x1,1090x1,1100x1,1130x1","{1000=1, 1090=1, 1100=1, 1130=1} @4320mm (pw=4320, util=100.0%)","true","0","0","0","0.000000000","25","317","0.079742724","0","280","228.466257669","0.019035385","1.723279326",,"64","40143"
"4330|850x1,1130x2,1220x1","{850=1, 1130=2, 1220=1} @4330mm (pw=4330, util=100.0%)","true","0","0","4","0.630542996","7","98","0.014767659","0","270","228.466257669","0.023510746","2.216117684","64","17313","25778"
"4340|950x1,1015x1,1050x1,1320x1","{950=1, 1015=1, 1050=1, 1320=1} @4340mm (pw=4335, util=99.9%)","false","0","0","0","0.000000000","1","4","0.000919752","3","265","228.466257669","0.026642694","4.682657432",,"52113","64"
"4380|1000x1,1090x1,1100x1,1190x1","{1000=1, 1090=1, 1100=1, 1190=1} @4380mm (pw=4380, util=100.0%)","true","0","0","0","0.000000000","24","316","0.079599114","0","220","228.466257669","0.105638367","1.707597331",,"65","40527"
"4400|760x1,1080x2,1480x1","{760=1, 1080=2, 1480=1} @4400mm (pw=4400, util=100.0%)","false","0","0","0","0.000000000","3","13","0.001820034","1","200","228.466257669","0.033937123","4.682594029",,"47174","65"
"4400|980x1,1140x3","{980=1, 1140=3} @4400mm (pw=4400, util=100.0%)","true","0","0","4","0.318552010","9","83","0.016572944","0","200","228.466257669","0.033937123","3.707065576","65","14029","1484"
"4300|850x1,1130x2,1190x1","{850=1, 1130=2, 1190=1} @4300mm (pw=4300, util=100.0%)","true","0","0","4","0.000000000","7","98","0.014694129","0","300","228.466257669","0.013786687","1.348866149","66","17357","48361"
"4340|550x1,600x1,1000x1,1090x1,1100x1","{550=1, 600=1, 1000=1, 1090=1, 1100=1} @4340mm (pw=4340, util=100.0%)","false","0","0","0","0.000000000","24","325","0.079136772","1","260","228.466257669","0.030737318","1.755863773",,"66","39282"
"4400|860x1,1080x1,1140x1,1320x1","{860=1, 1080=1, 1140=1, 1320=1} @4400mm (pw=4400, util=100.0%)","false","0","0","0","0.000000000","3","10","0.002235574","2","200","228.466257669","0.033937123","4.679288289",,"44656","66"
"4310|550x1,760x1,1000x3","{550=1, 760=1, 1000=3} @4310mm (pw=4310, util=100.0%)","true","0","0","4","0.000000000","11","54","0.007911138","0","290","228.466257669","0.015991367","2.450979969","67","23566","19178"
"4380|1000x1,1080x2,1220x1","{1000=1, 1080=2, 1220=1} @4380mm (pw=4380, util=100.0%)","false","0","0","0","0.000000000","9","33","0.007190992","1","220","228.466257669","0.105638367","4.675508055",,"24855","67"
"4400|1060x1,1090x1,1100x1,1150x1","{1060=1, 1090=1, 1100=1, 1150=1} @4400mm (pw=4400, util=100.0%)","true","0","0","0","0.000000000","18","309","0.079106770","0","200","228.466257669","0.033937123","1.785899864",,"67","38482"
"4300|1015x2,1080x1,1190x1","{1015=2, 1080=1, 1190=1} @4300mm (pw=4300, util=100.0%)","false","0","0","0","0.000000000","1","4","0.001231527","2","300","228.466257669","0.013786687","4.673976362",,"51152","68"
"4320|790x1,850x3,980x1","{790=1, 850=3, 980=1} @4320mm (pw=4320, util=100.0%)","true","0","0","4","0.000000000","12","180","0.028583780","0","280","228.466257669","0.019035385","1.355883300","68","5201","48257"
"4390|1000x1,1090x1,1100x1,1200x1","{1000=1, 1090=1, 1100=1, 1200=1} @4390mm (pw=4390, util=100.0%)","true","0","0","0","0.000000000","24","314","0.078994349","0","210","228.466257669","0.051370942","1.632384469",,"68","42441"
"4310|950x1,1015x1,1080x1,1260x1","{950=1, 1015=1, 1080=1, 1260=1} @4310mm (pw=4305, util=99.9%)","false","0","0","0","0.000000000","3","16","0.005600280","3","295","228.466257669","0.014807413","4.673299143",,"28563","69"
"4320|840x1,1100x2,1280x1","{840=1, 1100=2, 1280=1} @4320mm (pw=4320, util=100.0%)","true","0","0","4","0.000000000","17","227","0.058000847","0","280","228.466257669","0.019035385","2.113635090","69","1895","28840"
"4400|980x1,1060x1,1100x1,1260x1","{980=1, 1060=1, 1100=1, 1260=1} @4400mm (pw=4400, util=100.0%)","true","0","0","0","0.000000000","23","321","0.078872509","0","200","228.466257669","0.033937123","2.481936052",,"69","18392"
"4310|860x1,1090x1,1100x1,1260x1","{860=1, 1090=1, 1100=1, 1260=1} @4310mm (pw=4310, util=100.0%)","true","0","0","0","0.000000000","19","303","0.078641060","0","290","228.466257669","0.015991367","2.515121170",,"70","17548"
"4330|1000x2,1090x1,1240x1","{1000=2, 1090=1, 1240=1} @4330mm (pw=4330, util=100.0%)","true","0","0","4","0.000000000","16","146","0.039339217","0","270","228.466257669","0.023510746","2.313380964","70","3943","22950"
"4340|1015x1,1050x2,1220x1","{1015=1, 1050=2, 1220=1} @4340mm (pw=4335, util=99.9%)","false","0","0","0","0.000000000","2","8","0.002224809","1","265","228.466257669","0.026642694","4.673233171",,"44739","70"
"4330|1080x3,1090x1","{1080=3, 1090=1} @4330mm (pw=4330, util=100.0%)","false","0","0","0","0.000000000","3","71","0.017870627","1","270","228.466257669","0.023510746","4.673030908",,"11706","71"
"4350|840x2,850x2,970x1","{840=2, 850=2, 970=1} @4350mm (pw=4350, util=100.0%)","true","0","0","4","0.000000000","11","110","0.015534955","0","250","228.466257669","0.044377893","2.731593504","71","16090","12587"
"4390|600x2,1000x1,1090x1,1100x1","{600=2, 1000=1, 1090=1, 1100=1} @4390mm (pw=4390, util=100.0%)","false","0","0","0","0.000000000","23","312","0.078367587","1","210","228.466257669","0.051370942","1.917750829",,"71","34623"
"4310|1015x1,1080x2,1130x1","{1015=1, 1080=2, 1130=1} @4310mm (pw=4305, util=99.9%)","false","0","0","0","0.000000000","2","5","0.001375138","2","295","228.466257669","0.014807413","4.670559195",,"49582","72"
"4310|970x1,1000x1,1100x1,1240x1","{970=1, 1000=1, 1100=1, 1240=1} @4310mm (pw=4310, util=100.0%)","true","0","0","0","0.000000000","28","299","0.078339928","0","290","228.466257669","0.015991367","2.220814573",,"72","25653"
"4360|550x1,850x1,1480x2","{550=1, 850=1, 1480=2} @4360mm (pw=4360, util=100.0%)","true","0","0","4","0.000000000","6","103","0.013420665","0","240","228.466257669","0.079784630","2.938326032","72","18912","8656"
"4360|910x1,1090x1,1100x1,1260x1","{910=1, 1090=1, 1100=1, 1260=1} @4360mm (pw=4360, util=100.0%)","false","0","0","0","0.000000000","18","299","0.078081932","1","240","228.466257669","0.079784630","1.744323972",,"73","39587"
"4370|850x1,1130x2,1260x1","{850=1, 1130=2, 1260=1} @4370mm (pw=4370, util=100.0%)","true","0","0","4","0.000000000","9","110","0.019062882","0","230","228.466257669","0.394673123","1.980659400","73","9894","32748"
"4380|860x1,1080x1,1220x2","{860=1, 1080=1, 1220=2} @4380mm (pw=4380, util=100.0%)","false","0","0","0","0.000000000","2","8","0.001864185","1","220","228.466257669","0.105638367","4.663915704",,"47102","73"
"4390|940x1,1090x1,1100x1,1260x1","{940=1, 1090=1, 1100=1, 1260=1} @4390mm (pw=4390, util=100.0%)","false","0","0","0","0.000000000","18","299","0.078081932","1","210","228.466257669","0.051370942","1.744323972",,"74","39588"
"4400|840x1,850x3,1010x1","{840=1, 850=3, 1010=1} @4400mm (pw=4400, util=100.0%)","false","0","0","4","0.000000000","8","98","0.013274643","1","200","228.466257669","0.033937123","1.715137034","74","19281","40327"
"4400|950x1,1050x1,1080x1,1320x1","{950=1, 1050=1, 1080=1, 1320=1} @4400mm (pw=4400, util=100.0%)","false","0","0","0","0.000000000","1","4","0.000919752","3","200","228.466257669","0.033937123","4.663558269",,"52095","74"
"4350|900x1,1090x1,1100x1,1260x1","{900=1, 1090=1, 1100=1, 1260=1} @4350mm (pw=4350, util=100.0%)","false","0","0","0","0.000000000","18","299","0.078081932","1","250","228.466257669","0.044377893","1.744323972",,"75","39589"
"4370|1015x1,1080x2,1190x1","{1015=1, 1080=2, 1190=1} @4370mm (pw=4365, util=99.9%)","false","0","0","0","0.000000000","1","4","0.001231527","2","235","228.466257669","0.132736156","4.654877200",,"51102","75"
"4400|940x2,1260x2","{940=2, 1260=2} @4400mm (pw=4400, util=100.0%)","false","0","0","4","0.000000000","3","16","0.005600280","1","200","228.466257669","0.033937123","1.999613811","75","28392","32208"
"4370|950x1,1080x2,1260x1","{950=1, 1080=2, 1260=1} @4370mm (pw=4370, util=100.0%)","false","0","0","0","0.000000000","3","16","0.005600280","2","230","228.466257669","0.394673123","4.654199981",,"28406","76"
"4400|950x1,1090x1,1100x1,1260x1","{950=1, 1090=1, 1100=1, 1260=1} @4400mm (pw=4400, util=100.0%)","false","0","0","0","0.000000000","18","299","0.078081932","1","200","228.466257669","0.033937123","2.553540792",,"76","16640"
"4340|890x1,1090x1,1100x1,1260x1","{890=1, 1090=1, 1100=1, 1260=1} @4340mm (pw=4340, util=100.0%)","false","0","0","0","0.000000000","18","299","0.078081932","1","260","228.466257669","0.030737318","2.279568927",,"77","23944"
"4360|980x2,1100x1,1300x1","{980=2, 1100=1, 1300=1} @4360mm (pw=4360, util=100.0%)","true","0","0","3","1.000000000","20","293","0.071033077","0","240","228.466257669","0.079784630","1.879675614","77","486","35762"
"4400|1050x2,1080x1,1220x1","{1050=2, 1080=1, 1220=1} @4400mm (pw=4400, util=100.0%)","false","0","0","0","0.000000000","2","8","0.002224809","1","200","228.466257669","0.033937123","4.654134009",,"44736","77"
"4320|870x1,1090x1,1100x1,1260x1","{870=1, 1090=1, 1100=1, 1260=1} @4320mm (pw=4320, util=100.0%)","false","0","0","0","0.000000000","18","299","0.078081932","1","280","228.466257669","0.019035385","2.407805286",,"78","20377"
"4370|1080x3,1130x1","{1080=3, 1130=1} @4370mm (pw=4370, util=100.0%)","false","0","0","0","0.000000000","2","5","0.001375138","1","230","228.466257669","0.394673123","4.651460032",,"49527","78"
"4400|950x1,1150x3","{950=1, 1150=3} @4400mm (pw=4400, util=100.0%)","false","0","0","3","1.000000000","2","10","0.002860412","1","200","228.466257669","0.033937123","2.155316244","78","40402","27644"
"4320|760x1,1015x1,1220x1,1320x1","{760=1, 1015=1, 1220=1, 1320=1} @4320mm (pw=4315, util=99.9%)","false","0","0","0","0.000000000","3","16","0.002561076","2","285","228.466257669","0.017381105","4.649149071",,"42354","79"
"4350|1000x2,1100x1,1250x1","{1000=2, 1100=1, 1250=1} @4350mm (pw=4350, util=100.0%)","true","0","0","3","0.265520390","21","247","0.062568783","0","250","228.466257669","0.044377893","2.169997438","79","1046","27204"
"4380|1060x1,1090x1,1100x1,1125x1","{1060=1, 1090=1, 1100=1, 1125=1} @4380mm (pw=4375, util=99.9%)","true","0","0","0","0.000000000","17","305","0.078003827","0","225","228.466257669","0.223901099","1.565209462",,"79","44102"
"4350|970x1,1080x2,1220x1","{970=1, 1080=2, 1220=1} @4350mm (pw=4350, util=100.0%)","false","0","0","0","0.000000000","4","16","0.003565370","1","250","228.466257669","0.044377893","4.648957647",,"36405","80"
"4390|1060x1,1090x1,1100x1,1140x1","{1060=1, 1090=1, 1100=1, 1140=1} @4390mm (pw=4390, util=100.0%)","true","0","0","0","0.000000000","18","305","0.077922804","0","210","228.466257669","0.051370942","2.389490043",,"80","20848"
"4390|1060x1,1100x2,1130x1","{1060=1, 1100=2, 1130=1} @4390mm (pw=4390, util=100.0%)","true","0","0","3","0.112378684","15","233","0.059750869","0","210","228.466257669","0.051370942","1.654879723","80","1415","41865"
"4350|1000x1,1100x2,1150x1","{1000=1, 1100=2, 1150=1} @4350mm (pw=4350, util=100.0%)","true","0","0","3","0.069954051","22","251","0.063357372","0","250","228.466257669","0.044377893","1.722267503","81","991","40174"
"4350|980x1,1000x1,1100x1,1270x1","{980=1, 1000=1, 1100=1, 1270=1} @4350mm (pw=4350, util=100.0%)","true","0","0","0","0.000000000","28","325","0.077903318","0","250","228.466257669","0.044377893","1.885619779",,"81","35596"
"4360|980x1,1080x2,1220x1","{980=1, 1080=2, 1220=1} @4360mm (pw=4360, util=100.0%)","false","0","0","0","0.000000000","8","81","0.016201555","1","240","228.466257669","0.079784630","4.630637060",,"14736","81"
"4350|550x1,840x1,860x1,1015x1,1080x1","{550=1, 840=1, 860=1, 1015=1, 1080=1} @4350mm (pw=4345, util=99.9%)","false","0","0","0","0.000000000","6","26","0.002515491","2","255","228.466257669","0.036319073","4.630346590",,"42766","82"
"4350|840x3,850x1,980x1","{840=3, 850=1, 980=1} @4350mm (pw=4350, util=100.0%)","true","0","0","3","0.022370344","15","175","0.028171141","0","250","228.466257669","0.044377893","3.367889173","82","5329","3541"
"4380|1060x1,1090x1,1100x1,1130x1","{1060=1, 1090=1, 1100=1, 1130=1} @4380mm (pw=4380, util=100.0%)","true","0","0","0","0.000000000","18","304","0.077621495","0","220","228.466257669","0.105638367","1.720895705",,"82","40207"
"4310|970x1,1090x1,1100x1,1150x1","{970=1, 1090=1, 1100=1, 1150=1} @4310mm (pw=4310, util=100.0%)","true","0","0","0","0.000000000","20","305","0.077602377","0","290","228.466257669","0.015991367","1.761733077",,"83","39116"
"4350|1060x1,1090x1,1100x2","{1060=1, 1090=1, 1100=2} @4350mm (pw=4350, util=100.0%)","true","0","0","3","0.020014433","16","299","0.076246358","0","250","228.466257669","0.044377893","1.676450598","83","98","41321"
"4380|760x1,1080x1,1220x1,1320x1","{760=1, 1080=1, 1220=1, 1320=1} @4380mm (pw=4380, util=100.0%)","false","0","0","0","0.000000000","3","16","0.002561076","2","220","228.466257669","0.105638367","4.630049909",,"42338","83"
"4300|1000x2,1100x1,1200x1","{1000=2, 1100=1, 1200=1} @4300mm (pw=4300, util=100.0%)","true","0","0","3","0.000000000","21","243","0.061123723","0","300","228.466257669","0.013786687","1.822184555","84","1213","37431"
"4310|860x1,1050x1,1080x1,1320x1","{860=1, 1050=1, 1080=1, 1320=1} @4310mm (pw=4310, util=100.0%)","false","0","0","0","0.000000000","2","8","0.001478879","2","290","228.466257669","0.015991367","4.625138648",,"49344","84"
"4360|980x1,1000x1,1100x1,1280x1","{980=1, 1000=1, 1100=1, 1280=1} @4360mm (pw=4360, util=100.0%)","true","0","0","0","0.000000000","28","324","0.077596101","0","240","228.466257669","0.079784630","2.051569321",,"84","30664"
"4310|980x1,1100x2,1130x1","{980=1, 1100=2, 1130=1} @4310mm (pw=4310, util=100.0%)","true","0","0","3","0.000000000","21","294","0.070882661","0","290","228.466257669","0.015991367","1.612392349","85","510","42930"
"4330|980x1,1000x1,1100x1,1250x1","{980=1, 1000=1, 1100=1, 1250=1} @4330mm (pw=4330, util=100.0%)","true","0","0","0","0.000000000","28","324","0.077465281","0","270","228.466257669","0.023510746","2.125126443",,"85","28559"
"4360|780x1,1015x1,1080x1,1480x1","{780=1, 1015=1, 1080=1, 1480=1} @4360mm (pw=4355, util=99.9%)","false","0","0","0","0.000000000","1","1","0.000564016","3","245","228.466257669","0.057032890","4.624278029",,"53739","85"
"4320|740x1,1100x1,1240x2","{740=1, 1100=1, 1240=2} @4320mm (pw=4320, util=100.0%)","false","0","0","3","0.000000000","17","258","0.070193681","1","280","228.466257669","0.019035385","1.812506065","86","598","37726"
"4390|550x1,760x1,980x1,1000x1,1100x1","{550=1, 760=1, 980=1, 1000=1, 1100=1} @4390mm (pw=4390, util=100.0%)","true","0","0","0","0.000000000","30","343","0.077418662","0","210","228.466257669","0.051370942","2.150292905",,"86","27792"
"4390|550x1,790x1,1015x3","{550=1, 790=1, 1015=3} @4390mm (pw=4385, util=99.9%)","false","0","0","0","0.000000000","2","27","0.002369002","1","215","228.466257669","0.069126378","4.617562483",,"43648","86"
"4320|840x2,850x2,940x1","{840=2, 850=2, 940=1} @4320mm (pw=4320, util=100.0%)","false","0","0","3","0.000000000","8","98","0.013274643","1","280","228.466257669","0.019035385","2.163077302","87","19295","27414"
"4340|1080x3,1100x1","{1080=3, 1100=1} @4340mm (pw=4340, util=100.0%)","false","0","0","0","0.000000000","12","212","0.054611025","1","260","228.466257669","0.030737318","4.607014926",,"3664","87"
"4390|790x1,1100x1,1240x1,1260x1","{790=1, 1100=1, 1240=1, 1260=1} @4390mm (pw=4390, util=100.0%)","true","0","0","0","0.000000000","21","288","0.077393778","0","210","228.466257669","0.051370942","2.222342758",,"87","25601"
"4310|970x1,980x1,1100x1,1260x1","{970=1, 980=1, 1100=1, 1260=1} @4310mm (pw=4310, util=100.0%)","true","0","0","0","0.000000000","25","317","0.077368116","0","290","228.466257669","0.015991367","2.457769265",,"88","19005"
"4330|940x1,1100x2,1190x1","{940=1, 1100=2, 1190=1} @4330mm (pw=4330, util=100.0%)","false","0","0","3","0.000000000","13","216","0.055842552","1","270","228.466257669","0.023510746","1.046514738","88","3227","52305"
"4390|840x1,1015x1,1050x1,1480x1","{840=1, 1015=1, 1050=1, 1480=1} @4390mm (pw=4385, util=99.9%)","false","0","0","0","0.000000000","6","14","0.002670946","1","215","228.466257669","0.069126378","4.606739247",,"41893","88"
"4300|1050x1,1060x1,1090x1,1100x1","{1050=1, 1060=1, 1090=1, 1100=1} @4300mm (pw=4300, util=100.0%)","true","0","0","0","0.000000000","17","303","0.077166110","0","300","228.466257669","0.013786687","2.335340402",,"89","22374"
"4330|980x1,1100x2,1150x1","{980=1, 1100=2, 1150=1} @4330mm (pw=4330, util=100.0%)","true","0","0","3","0.000000000","21","299","0.072367935","0","270","228.466257669","0.023510746","1.677396508","89","359","41299"
"4360|600x1,860x1,870x1,1015x2","{600=1, 860=1, 870=1, 1015=2} @4360mm (pw=4360, util=100.0%)","false","0","0","0","0.000000000","1","4","0.000559128","3","240","228.466257669","0.079784630","4.606736668",,"53983","89"
"4320|840x2,1320x2","{840=2, 1320=2} @4320mm (pw=4320, util=100.0%)","false","0","0","0","0.000000000","4","9","0.001187178","1","280","228.466257669","0.019035385","4.603380858",,"51317","90"
"4360|760x1,1100x1,1240x1,1260x1","{760=1, 1100=1, 1240=1, 1260=1} @4360mm (pw=4360, util=100.0%)","true","0","0","0","0.000000000","22","286","0.077049980","0","240","228.466257669","0.079784630","2.595622282",,"90","15599"
"4380|850x4,980x1","{850=4, 980=1} @4380mm (pw=4380, util=100.0%)","true","0","0","3","0.000000000","11","166","0.026983963","0","220","228.466257669","0.105638367","1.404040405","90","5500","47444"
"4320|1015x2,1050x1,1240x1","{1015=2, 1050=1, 1240=1} @4320mm (pw=4320, util=100.0%)","false","0","0","0","0.000000000","6","50","0.016502407","1","280","228.466257669","0.019035385","4.599496144",,"14102","91"
"4350|550x2,1060x1,1090x1,1100x1","{550=2, 1060=1, 1090=1, 1100=1} @4350mm (pw=4350, util=100.0%)","true","0","0","0","0.000000000","17","312","0.077015543","0","250","228.466257669","0.044377893","1.591593096",,"91","43453"
"4390|840x4,1030x1","{840=4, 1030=1} @4390mm (pw=4390, util=100.0%)","false","0","2","2","2.000000000","4","9","0.001187178","1","210","228.466257669","0.051370942","4.066169657","91","51310","514"
"4310|1015x2,1080x1,1200x1","{1015=2, 1080=1, 1200=1} @4310mm (pw=4310, util=100.0%)","false","0","0","0","0.000000000","1","2","0.000626763","2","290","228.466257669","0.015991367","4.598763499",,"53502","92"
"4390|850x1,1060x1,1240x2","{850=1, 1060=1, 1240=2} @4390mm (pw=4390, util=100.0%)","true","0","0","2","1.285714286","10","151","0.031434826","0","210","228.466257669","0.051370942","2.242106622","92","4670","25023"
"4400|550x1,600x1,1060x1,1090x1,1100x1","{550=1, 600=1, 1060=1, 1090=1, 1100=1} @4400mm (pw=4400, util=100.0%)","false","0","0","0","0.000000000","17","312","0.077015543","1","200","228.466257669","0.033937123","1.753480152",,"92","39349"
"4350|870x1,1015x1,1140x1,1320x1","{870=1, 1015=1, 1140=1, 1320=1} @4350mm (pw=4345, util=99.9%)","false","0","0","0","0.000000000","2","6","0.001676446","3","255","228.466257669","0.036319073","4.591071566",,"48239","93"
"4390|1000x1,1050x1,1100x1,1240x1","{1000=1, 1050=1, 1100=1, 1240=1} @4390mm (pw=4390, util=100.0%)","true","0","0","0","0.000000000","26","291","0.076999367","0","210","228.466257669","0.051370942","2.650438717",,"93","14297"
"4390|790x1,1100x1,1250x2","{790=1, 1100=1, 1250=2} @4390mm (pw=4390, util=100.0%)","true","0","0","2","1.229864067","14","232","0.058282666","0","210","228.466257669","0.051370942","1.785781984","93","1776","38485"
"4380|780x1,1100x1,1250x2","{780=1, 1100=1, 1250=2} @4380mm (pw=4380, util=100.0%)","false","0","0","2","1.000000000","13","218","0.056682848","1","220","228.466257669","0.105638367","2.081646345","94","2563","29772"
"4380|980x1,1000x1,1100x1,1300x1","{980=1, 1000=1, 1100=1, 1300=1} @4380mm (pw=4380, util=100.0%)","true","0","0","0","0.000000000","28","322","0.076919011","0","220","228.466257669","0.105638367","1.924546610",,"94","34445"
"4390|550x1,860x1,950x1,1015x2","{550=1, 860=1, 950=1, 1015=2} @4390mm (pw=4390, util=100.0%)","false","0","0","0","0.000000000","2","17","0.001328313","2","210","228.466257669","0.051370942","4.590585119",,"49850","94"
"4300|980x1,1000x1,1100x1,1220x1","{980=1, 1000=1, 1100=1, 1220=1} @4300mm (pw=4300, util=100.0%)","true","0","0","0","0.000000000","28","322","0.076698515","0","300","228.466257669","0.013786687","2.719777957",,"95","12835"
"4350|600x1,1250x3","{600=1, 1250=3} @4350mm (pw=4350, util=100.0%)","false","0","0","2","0.827601950","1","6","0.002071823","1","250","228.466257669","0.044377893","2.210924599","95","45835","25953"
"4390|1015x1,1050x1,1080x1,1240x1","{1015=1, 1050=1, 1080=1, 1240=1} @4390mm (pw=4385, util=99.9%)","false","0","0","0","0.000000000","6","50","0.016502407","2","215","228.466257669","0.069126378","4.580396981",,"14113","95"
"4300|970x1,1090x1,1100x1,1140x1","{970=1, 1090=1, 1100=1, 1140=1} @4300mm (pw=4300, util=100.0%)","true","0","0","0","0.000000000","20","301","0.076418411","0","300","228.466257669","0.013786687","2.365323255",,"96","21536"
"4370|1090x3,1100x1","{1090=3, 1100=1} @4370mm (pw=4370, util=100.0%)","true","0","0","2","0.503708123","15","283","0.072481652","0","230","228.466257669","0.394673123","1.555050115","96","320","44321"
"4380|1015x1,1080x2,1200x1","{1015=1, 1080=2, 1200=1} @4380mm (pw=4375, util=99.9%)","false","0","0","0","0.000000000","1","2","0.000626763","2","225","228.466257669","0.223901099","4.579664337",,"53455","96"
"4360|600x1,840x1,890x1,1015x2","{600=1, 840=1, 890=1, 1015=2} @4360mm (pw=4360, util=100.0%)","false","0","0","0","0.000000000","4","9","0.001187178","3","240","228.466257669","0.079784630","4.575780564",,"51483","97"
"4380|1080x1,1100x3","{1080=1, 1100=3} @4380mm (pw=4380, util=100.0%)","false","0","0","2","0.452873301","12","212","0.054611025","1","220","228.466257669","0.105638367","2.440339755","97","3661","19484"
"4390|1050x1,1090x1,1100x1,1150x1","{1050=1, 1090=1, 1100=1, 1150=1} @4390mm (pw=4390, util=100.0%)","true","0","0","0","0.000000000","18","297","0.076261816","0","210","228.466257669","0.051370942","2.191357221",,"97","26558"
"4330|870x1,1015x1,1220x2","{870=1, 1015=1, 1220=2} @4330mm (pw=4325, util=99.9%)","false","0","0","0","0.000000000","1","4","0.001305057","2","275","228.466257669","0.021037687","4.575698982",,"50156","98"
"4350|980x2,1090x1,1300x1","{980=2, 1090=1, 1300=1} @4350mm (pw=4350, util=100.0%)","true","0","1","2","0.333333333","11","152","0.034292678","0","250","228.466257669","0.044377893","1.945691596","98","4218","33796"
"4340|1060x1,1090x2,1100x1","{1060=1, 1090=2, 1100=1} @4340mm (pw=4340, util=100.0%)","true","0","0","0","0.000000000","16","299","0.076246358","0","260","228.466257669","0.030737318","1.742466580",,"99","39634"
"4340|780x1,1015x1,1220x1,1320x1","{780=1, 1015=1, 1220=1, 1320=1} @4340mm (pw=4335, util=99.9%)","false","0","0","0","0.000000000","1","4","0.001305057","3","265","228.466257669","0.026642694","4.571733909",,"50247","99"
"4400|550x3,760x1,980x1,1010x1","{550=3, 760=1, 980=1, 1010=1} @4400mm (pw=4400, util=100.0%)","false","0","0","2","0.262141942","10","102","0.016921702","1","200","228.466257669","0.033937123","1.677044782","99","13414","41310"
"4310|1060x2,1090x1,1100x1","{1060=2, 1090=1, 1100=1} @4310mm (pw=4310, util=100.0%)","true","0","0","0","0.000000000","16","299","0.076246358","0","290","228.466257669","0.015991367","1.929883045",,"100","34274"
"4370|1060x2,1125x2","{1060=2, 1125=2} @4370mm (pw=4370, util=100.0%)","true","0","0","2","0.240142511","2","22","0.005522175","0","230","228.466257669","0.394673123","1.641384791","100","28722","42232"
"4400|1015x2,1150x1,1220x1","{1015=2, 1150=1, 1220=1} @4400mm (pw=4400, util=100.0%)","false","0","0","0","0.000000000","3","14","0.004165469","1","200","228.466257669","0.033937123","4.567339577",,"33292","100"
"4330|1060x1,1080x1,1090x1,1100x1","{1060=1, 1080=1, 1090=1, 1100=1} @4330mm (pw=4330, util=100.0%)","false","0","0","0","0.000000000","16","299","0.076246358","1","270","228.466257669","0.023510746","2.759788184",,"101","11994"
"4360|760x1,840x3,1080x1","{760=1, 840=3, 1080=1} @4360mm (pw=4360, util=100.0%)","false","0","0","0","0.000000000","6","21","0.002443197","1","240","228.466257669","0.079784630","4.565404105",,"43320","101"
"4400|850x4,1000x1","{850=4, 1000=1} @4400mm (pw=4400, util=100.0%)","true","0","0","2","0.239130435","12","118","0.017973399","0","200","228.466257669","0.033937123","1.448911400","101","11438","46561"
"4320|1060x1,1070x1,1090x1,1100x1","{1060=1, 1070=1, 1090=1, 1100=1} @4320mm (pw=4320, util=100.0%)","false","0","0","0","0.000000000","16","299","0.076246358","1","280","228.466257669","0.019035385","1.772565145",,"102","38836"
"4390|550x3,760x1,980x1,1000x1","{550=3, 760=1, 980=1, 1000=1} @4390mm (pw=4390, util=100.0%)","true","0","0","2","0.147631110","18","131","0.022807637","0","210","228.466257669","0.051370942","2.065435403","102","6356","30227"
"4390|870x1,1080x1,1220x2","{870=1, 1080=1, 1220=2} @4390mm (pw=4390, util=100.0%)","false","0","0","0","0.000000000","1","4","0.001305057","2","210","228.466257669","0.051370942","4.556599820",,"50125","102"
"4320|1015x2,1070x1,1220x1","{1015=2, 1070=1, 1220=1} @4320mm (pw=4320, util=100.0%)","false","0","0","0","0.000000000","1","4","0.001305057","2","280","228.466257669","0.019035385","4.554004859",,"50158","103"
"4370|970x1,1060x1,1100x1,1240x1","{970=1, 1060=1, 1100=1, 1240=1} @4370mm (pw=4370, util=100.0%)","true","0","0","0","0.000000000","21","286","0.076218700","0","230","228.466257669","0.394673123","2.218430951",,"103","25707"
"4380|860x4,940x1","{860=4, 940=1} @4380mm (pw=4380, util=100.0%)","false","0","0","2","0.061459883","1","4","0.000559128","1","220","228.466257669","0.105638367","3.083188794","103","53846","6513"
"4300|840x1,1090x1,1100x1,1270x1","{840=1, 1090=1, 1100=1, 1270=1} @4300mm (pw=4300, util=100.0%)","true","0","0","0","0.000000000","20","299","0.076178691","0","300","228.466257669","0.013786687","2.013701531",,"104","31778"
"4400|780x1,1080x1,1220x1,1320x1","{780=1, 1080=1, 1220=1, 1320=1} @4400mm (pw=4400, util=100.0%)","false","0","0","0","0.000000000","1","4","0.001305057","3","200","228.466257669","0.033937123","4.552634746",,"50231","104"
"4400|950x1,1100x2,1250x1","{950=1, 1100=2, 1250=1} @4400mm (pw=4400, util=100.0%)","false","0","1","2","0.057466017","13","218","0.056682848","1","200","228.466257669","0.033937123","2.128331579","104","2568","28472"
"4300|550x1,860x2,1015x2","{550=1, 860=2, 1015=2} @4300mm (pw=4300, util=100.0%)","false","0","0","0","0.000000000","2","17","0.001328313","1","300","228.466257669","0.013786687","4.552165497",,"49808","105"
"4370|550x1,740x1,980x1,1000x1,1100x1","{550=1, 740=1, 980=1, 1000=1, 1100=1} @4370mm (pw=4370, util=100.0%)","false","0","0","0","0.000000000","28","331","0.076162644","1","230","228.466257669","0.394673123","1.649002376",,"105","42022"
"4380|1090x2,1100x2","{1090=2, 1100=2} @4380mm (pw=4380, util=100.0%)","true","0","0","2","0.055112180","15","283","0.072481652","0","220","228.466257669","0.105638367","1.489034133","105","321","45769"
"4350|550x1,860x1,980x3","{550=1, 860=1, 980=3} @4350mm (pw=4350, util=100.0%)","true","0","2","2","0.052368890","9","94","0.016224811","0","250","228.466257669","0.044377893","2.548580565","106","14616","16756"
"4390|550x1,760x1,1015x2,1050x1","{550=1, 760=1, 1015=2, 1050=1} @4390mm (pw=4390, util=100.0%)","false","0","0","0","0.000000000","4","29","0.002944955","1","210","228.466257669","0.051370942","4.547295063",,"39874","106"
"4340|840x1,1015x1,1220x1,1260x1","{840=1, 1015=1, 1220=1, 1260=1} @4340mm (pw=4335, util=99.9%)","false","0","0","0","0.000000000","8","29","0.008092516","1","265","228.466257669","0.026642694","4.544836838",,"23283","107"
"4340|980x2,1190x2","{980=2, 1190=2} @4340mm (pw=4340, util=100.0%)","true","0","0","2","0.045312632","8","81","0.016128025","0","260","228.466257669","0.030737318","1.836418539","107","15006","37032"
"4370|1000x1,1030x1,1100x1,1240x1","{1000=1, 1030=1, 1100=1, 1240=1} @4370mm (pw=4370, util=100.0%)","false","0","0","0","0.000000000","25","287","0.076079616","1","230","228.466257669","0.394673123","2.246158214",,"107","24904"
"4300|550x3,760x1,910x1,980x1","{550=3, 760=1, 910=1, 980=1} @4300mm (pw=4300, util=100.0%)","false","0","0","2","0.000000000","10","102","0.016921702","1","300","228.466257669","0.013786687","1.470368793","108","13424","46157"
"4350|1015x1,1050x1,1140x2","{1015=1, 1050=1, 1140=2} @4350mm (pw=4345, util=99.9%)","false","0","0","0","0.000000000","3","10","0.002596198","1","255","228.466257669","0.036319073","4.544407610",,"42155","108"
"4360|1000x1,1020x1,1100x1,1240x1","{1000=1, 1020=1, 1100=1, 1240=1} @4360mm (pw=4360, util=100.0%)","false","0","0","0","0.000000000","25","287","0.076079616","1","240","228.466257669","0.079784630","1.794856180",,"108","38215"
"4300|910x1,1100x2,1190x1","{910=1, 1100=2, 1190=1} @4300mm (pw=4300, util=100.0%)","false","0","0","2","0.000000000","13","216","0.055842552","1","300","228.466257669","0.013786687","1.046514738","109","3230","52306"
"4360|1000x1,1015x1,1100x1,1240x1","{1000=1, 1015=1, 1100=1, 1240=1} @4360mm (pw=4355, util=99.9%)","false","0","0","0","0.000000000","25","287","0.076079616","1","245","228.466257669","0.057032890","3.093985661",,"109","6368"
"4360|600x1,760x1,840x1,1080x2","{600=1, 760=1, 840=1, 1080=2} @4360mm (pw=4360, util=100.0%)","false","0","0","0","0.000000000","6","21","0.002443197","2","240","228.466257669","0.079784630","4.540920901",,"43349","109"
"4300|960x2,1190x2","{960=2, 1190=2} @4300mm (pw=4300, util=100.0%)","false","0","0","2","0.000000000","1","4","0.001231527","1","300","228.466257669","0.013786687","1.448841052","110","51096","46563"
"4330|950x1,1015x1,1140x1,1220x1","{950=1, 1015=1, 1140=1, 1220=1} @4330mm (pw=4325, util=99.9%)","false","0","0","0","0.000000000","3","10","0.002981503","2","275","228.466257669","0.021037687","4.538459286",,"39663","110"
"4350|1000x1,1010x1,1100x1,1240x1","{1000=1, 1010=1, 1100=1, 1240=1} @4350mm (pw=4350, util=100.0%)","false","0","0","0","0.000000000","25","287","0.076079616","1","250","228.466257669","0.044377893","1.858974360",,"110","36323"
"4300|960x1,1000x1,1100x1,1240x1","{960=1, 1000=1, 1100=1, 1240=1} @4300mm (pw=4300, util=100.0%)","false","0","0","0","0.000000000","25","287","0.076079616","1","300","228.466257669","0.013786687","2.008705243",,"111","31935"
"4310|970x2,1100x1,1270x1","{970=2, 1100=1, 1270=1} @4310mm (pw=4310, util=100.0%)","true","0","0","2","0.000000000","16","231","0.059381198","0","290","228.466257669","0.015991367","1.877389957","111","1481","35824"
"4400|550x1,600x1,1015x2,1220x1","{550=1, 600=1, 1015=2, 1220=1} @4400mm (pw=4400, util=100.0%)","false","0","0","0","0.000000000","2","17","0.002074242","2","200","228.466257669","0.033937123","4.534919865",,"45739","111"
"4320|550x3,760x1,910x1,1000x1","{550=3, 760=1, 910=1, 1000=1} @4320mm (pw=4320, util=100.0%)","false","0","0","2","0.000000000","11","54","0.007911138","1","280","228.466257669","0.019035385","1.515239788","112","23584","45165"
"4380|970x1,1090x1,1100x1,1220x1","{970=1, 1090=1, 1100=1, 1220=1} @4380mm (pw=4380, util=100.0%)","true","0","0","0","0.000000000","19","299","0.076047022","0","220","228.466257669","0.105638367","2.548298457",,"112","16764"
"4390|1015x1,1070x1,1080x1,1220x1","{1015=1, 1070=1, 1080=1, 1220=1} @4390mm (pw=4385, util=99.9%)","false","0","0","0","0.000000000","1","4","0.001305057","3","215","228.466257669","0.069126378","4.534905696",,"50197","112"
"4320|970x1,1100x2,1150x1","{970=1, 1100=2, 1150=1} @4320mm (pw=4320, util=100.0%)","true","0","0","2","0.000000000","17","234","0.059731750","0","280","228.466257669","0.019035385","1.695717094","113","1424","40842"
"4370|550x1,790x1,840x1,1090x1,1100x1","{550=1, 790=1, 840=1, 1090=1, 1100=1} @4370mm (pw=4370, util=100.0%)","true","0","0","0","0.000000000","21","319","0.076037833","0","230","228.466257669","0.394673123","1.905095133",,"113","35007"
"4370|550x1,860x2,1015x1,1080x1","{550=1, 860=2, 1015=1, 1080=1} @4370mm (pw=4365, util=99.9%)","false","0","0","0","0.000000000","2","17","0.001328313","2","235","228.466257669","0.132736156","4.533066335",,"49822","113"
"4390|980x1,1050x1,1100x1,1260x1","{980=1, 1050=1, 1100=1, 1260=1} @4390mm (pw=4390, util=100.0%)","true","0","0","0","0.000000000","23","309","0.076027555","0","210","228.466257669","0.051370942","2.887393409",,"114","9459"
"4400|840x1,1080x1,1220x1,1260x1","{840=1, 1080=1, 1220=1, 1260=1} @4400mm (pw=4400, util=100.0%)","false","0","0","0","0.000000000","8","29","0.008092516","1","200","228.466257669","0.033937123","4.525737675",,"23281","114"
"4340|1015x2,1090x1,1220x1","{1015=2, 1090=1, 1220=1} @4340mm (pw=4340, util=100.0%)","false","0","0","0","0.000000000","4","75","0.019175684","1","260","228.466257669","0.030737318","4.523906293",,"9632","115"
"4350|550x3,760x1,960x1,980x1","{550=3, 760=1, 960=1, 980=1} @4350mm (pw=4350, util=100.0%)","false","0","0","2","0.000000000","10","102","0.016921702","1","250","228.466257669","0.044377893","1.826775665","115","13412","37297"
"4350|970x1,1090x1,1100x1,1190x1","{970=1, 1090=1, 1100=1, 1190=1} @4350mm (pw=4350, util=100.0%)","true","0","0","0","0.000000000","19","299","0.075973492","0","250","228.466257669","0.044377893","1.681046923",,"115","41226"
"4310|840x1,1090x1,1100x1,1280x1","{840=1, 1090=1, 1100=1, 1280=1} @4310mm (pw=4310, util=100.0%)","true","0","0","0","0.000000000","20","298","0.075871474","0","290","228.466257669","0.015991367","2.179651073",,"116","26896"
"4350|550x3,840x1,860x1,1000x1","{550=3, 840=1, 860=1, 1000=1} @4350mm (pw=4350, util=100.0%)","true","0","0","2","0.000000000","14","55","0.008401426","0","250","228.466257669","0.044377893","2.615530823","116","22819","15101"
"4360|550x1,840x1,870x1,1015x1,1080x1","{550=1, 840=1, 870=1, 1015=1, 1080=1} @4360mm (pw=4355, util=99.9%)","false","0","0","0","0.000000000","5","22","0.001956364","3","245","228.466257669","0.057032890","4.523030705",,"46748","116"
"4340|550x2,1080x3","{550=2, 1080=3} @4340mm (pw=4340, util=100.0%)","false","0","0","0","0.000000000","1","13","0.000769185","1","260","228.466257669","0.030737318","4.522157424",,"52249","117"
"4350|850x1,1130x2,1240x1","{850=1, 1130=2, 1240=1} @4350mm (pw=4350, util=100.0%)","true","0","0","2","0.000000000","11","140","0.029045258","0","250","228.466257669","0.044377893","1.698833713","117","5133","40737"
"4380|780x1,1100x1,1240x1,1260x1","{780=1, 1100=1, 1240=1, 1260=1} @4380mm (pw=4380, util=100.0%)","false","0","0","0","0.000000000","20","274","0.075793961","1","220","228.466257669","0.105638367","2.518207119",,"117","17461"
"4330|1015x2,1050x1,1250x1","{1015=2, 1050=1, 1250=1} @4330mm (pw=4330, util=100.0%)","false","0","0","0","0.000000000","2","10","0.002991575","1","270","228.466257669","0.023510746","4.522128600",,"39567","118"
"4340|740x1,1100x1,1240x1,1260x1","{740=1, 1100=1, 1240=1, 1260=1} @4340mm (pw=4340, util=100.0%)","false","0","0","0","0.000000000","20","274","0.075793961","1","260","228.466257669","0.030737318","2.094331753",,"118","29422"
"4350|850x3,860x1,940x1","{850=3, 860=1, 940=1} @4350mm (pw=4350, util=100.0%)","false","0","0","2","0.000000000","5","93","0.012646592","1","250","228.466257669","0.044377893","1.411180790","118","20000","47268"
"4340|550x1,760x1,840x1,1090x1,1100x1","{550=1, 760=1, 840=1, 1090=1, 1100=1} @4340mm (pw=4340, util=100.0%)","true","0","0","0","0.000000000","22","317","0.075694034","0","260","228.466257669","0.030737318","2.278374657",,"119","23976"
"4340|600x1,760x1,950x1,1015x2","{600=1, 760=1, 950=1, 1015=2} @4340mm (pw=4340, util=100.0%)","false","0","0","0","0.000000000","2","12","0.001256018","3","260","228.466257669","0.030737318","4.520258592",,"50654","119"
"4360|550x3,760x1,970x1,980x1","{550=3, 760=1, 970=1, 980=1} @4360mm (pw=4360, util=100.0%)","true","0","0","2","0.000000000","13","114","0.019182015","0","240","228.466257669","0.079784630","2.038884995","119","9623","31031"
"4320|860x1,1090x1,1100x1,1270x1","{860=1, 1090=1, 1100=1, 1270=1} @4320mm (pw=4320, util=100.0%)","true","0","0","0","0.000000000","17","294","0.075550640","0","280","228.466257669","0.019035385","1.916421276",,"120","34665"
"4370|550x3,760x1,960x1,1000x1","{550=3, 760=1, 960=1, 1000=1} @4370mm (pw=4370, util=100.0%)","false","0","0","2","0.000000000","11","54","0.007911138","1","230","228.466257669","0.394673123","1.871646660","120","23568","35973"
"4390|950x1,1080x1,1140x1,1220x1","{950=1, 1080=1, 1140=1, 1220=1} @4390mm (pw=4390, util=100.0%)","false","0","0","0","0.000000000","3","10","0.002981503","2","210","228.466257669","0.051370942","4.519360124",,"39645","120"
"4310|550x1,600x1,970x1,1090x1,1100x1","{550=1, 600=1, 970=1, 1090=1, 1100=1} @4310mm (pw=4310, util=100.0%)","false","0","0","0","0.000000000","19","308","0.075511150","1","290","228.466257669","0.015991367","1.729313365",,"121","39994"
"4320|870x1,1050x1,1080x1,1320x1","{870=1, 1050=1, 1080=1, 1320=1} @4320mm (pw=4320, util=100.0%)","false","0","0","0","0.000000000","1","4","0.000919752","3","280","228.466257669","0.019035385","4.517822763",,"52129","121"
"4380|550x3,760x1,970x1,1000x1","{550=3, 760=1, 970=1, 1000=1} @4380mm (pw=4380, util=100.0%)","true","0","0","2","0.000000000","14","66","0.010171451","0","220","228.466257669","0.105638367","2.083755990","121","21311","29713"
"4300|1015x1,1080x2,1125x1","{1015=1, 1080=2, 1125=1} @4300mm (pw=4300, util=100.0%)","false","0","0","0","0.000000000","1","6","0.001757469","2","300","228.466257669","0.013786687","4.514872952",,"47565","122"
"4380|550x3,840x1,910x1,980x1","{550=3, 840=1, 910=1, 980=1} @4380mm (pw=4380, util=100.0%)","false","0","0","2","0.000000000","12","99","0.016852862","1","220","228.466257669","0.105638367","1.799862629","122","13571","38086"
"4390|550x1,790x1,860x1,1090x1,1100x1","{550=1, 790=1, 860=1, 1090=1, 1100=1} @4390mm (pw=4390, util=100.0%)","true","0","0","0","0.000000000","18","314","0.075409782","0","210","228.466257669","0.051370942","1.807814878",,"122","37848"
"4370|600x2,1015x2,1140x1","{600=2, 1015=2, 1140=1} @4370mm (pw=4370, util=100.0%)","false","0","0","0","0.000000000","2","6","0.001676446","2","230","228.466257669","0.394673123","4.513831719",,"48142","123"
"4390|1070x2,1125x2","{1070=2, 1125=2} @4390mm (pw=4390, util=100.0%)","false","0","0","2","0.000000000","1","6","0.001757469","1","210","228.466257669","0.051370942","1.326748992","123","47513","48732"
"4400|980x1,1000x1,1100x1,1320x1","{980=1, 1000=1, 1100=1, 1320=1} @4400mm (pw=4400, util=100.0%)","false","0","0","0","0.000000000","27","318","0.075393458","1","200","228.466257669","0.033937123","2.918125744",,"123","8950"
"4320|780x1,840x3,1015x1","{780=1, 840=3, 1015=1} @4320mm (pw=4315, util=99.9%)","false","0","0","0","0.000000000","4","9","0.001187178","2","285","228.466257669","0.017381105","4.507088104",,"51400","124"
"4360|970x1,1090x1,1100x1,1200x1","{970=1, 1090=1, 1100=1, 1200=1} @4360mm (pw=4360, util=100.0%)","true","0","0","0","0.000000000","19","297","0.075368727","0","240","228.466257669","0.079784630","1.605834060",,"124","43085"
"4390|550x3,1260x1,1480x1","{550=3, 1260=1, 1480=1} @4390mm (pw=4390, util=100.0%)","true","0","0","2","0.000000000","5","30","0.006933481","0","210","228.466257669","0.051370942","2.680230623","124","25366","13629"
"4340|840x1,860x1,1320x2","{840=1, 860=1, 1320=2} @4340mm (pw=4340, util=100.0%)","false","0","0","0","0.000000000","5","13","0.001746306","1","260","228.466257669","0.030737318","4.506100603",,"47742","125"
"4390|980x1,1060x1,1100x1,1250x1","{980=1, 1060=1, 1100=1, 1250=1} @4390mm (pw=4390, util=100.0%)","true","0","0","0","0.000000000","21","311","0.075344053","0","210","228.466257669","0.051370942","2.122742821",,"125","28612"
"4400|550x3,840x1,910x1,1000x1","{550=3, 840=1, 910=1, 1000=1} @4400mm (pw=4400, util=100.0%)","false","0","0","2","0.000000000","13","51","0.007842298","1","200","228.466257669","0.033937123","1.844733625","125","23719","36785"
"4370|1030x1,1090x1,1100x1,1150x1","{1030=1, 1090=1, 1100=1, 1150=1} @4370mm (pw=4370, util=100.0%)","false","0","0","0","0.000000000","17","293","0.075342064","1","230","228.466257669","0.394673123","1.787076718",,"126","38445"
"4400|1015x1,1050x1,1080x1,1250x1","{1015=1, 1050=1, 1080=1, 1250=1} @4400mm (pw=4395, util=99.9%)","false","0","0","0","0.000000000","2","10","0.002991575","2","205","228.466257669","0.040872618","4.503029438",,"39581","126"
"4360|1020x1,1090x1,1100x1,1150x1","{1020=1, 1090=1, 1100=1, 1150=1} @4360mm (pw=4360, util=100.0%)","false","0","0","0","0.000000000","17","293","0.075342064","1","240","228.466257669","0.079784630","1.335774684",,"127","48589"
"4380|1015x2,1130x1,1220x1","{1015=2, 1130=1, 1220=1} @4380mm (pw=4380, util=100.0%)","false","0","0","0","0.000000000","3","9","0.002680195","1","220","228.466257669","0.105638367","4.502335418",,"41830","127"
"4400|980x1,1100x2,1220x1","{980=1, 1100=2, 1220=1} @4400mm (pw=4400, util=100.0%)","true","0","0","2","0.000000000","20","293","0.070812581","0","200","228.466257669","0.033937123","2.463961889","127","518","18831"
"4310|760x3,1015x2","{760=3, 1015=2} @4310mm (pw=4310, util=100.0%)","false","0","0","1","0.000000000","2","12","0.001256018","1","290","228.466257669","0.015991367","4.499125429","161","50315","128"
"4360|1015x1,1090x1,1100x1,1150x1","{1015=1, 1090=1, 1100=1, 1150=1} @4360mm (pw=4355, util=99.9%)","false","0","0","0","0.000000000","17","293","0.075342064","1","245","228.466257669","0.057032890","2.634904165",,"128","14638"
"4350|1010x1,1090x1,1100x1,1150x1","{1010=1, 1090=1, 1100=1, 1150=1} @4350mm (pw=4350, util=100.0%)","false","0","0","0","0.000000000","17","293","0.075342064","1","250","228.466257669","0.044377893","1.399892864",,"129","47518"
"4360|550x1,900x1,970x3","{550=1, 900=1, 970=3} @4360mm (pw=4360, util=100.0%)","false","0","1","1","1.000000000","4","25","0.003029498","1","240","228.466257669","0.079784630","1.832745126","129","39075","37125"
"4370|1080x3,1125x1","{1080=3, 1125=1} @4370mm (pw=4365, util=99.9%)","false","0","0","0","0.000000000","1","6","0.001757469","1","235","228.466257669","0.132736156","4.495773790",,"47510","129"
"4300|1000x1,1080x2,1140x1","{1000=1, 1080=2, 1140=1} @4300mm (pw=4300, util=100.0%)","false","0","0","0","0.000000000","10","35","0.007562381","1","300","228.466257669","0.013786687","4.492532853",,"24148","130"
"4300|960x1,1090x1,1100x1,1150x1","{960=1, 1090=1, 1100=1, 1150=1} @4300mm (pw=4300, util=100.0%)","false","0","0","0","0.000000000","17","293","0.075342064","1","300","228.466257669","0.013786687","1.549623747",,"130","44451"
"4370|1000x2,1100x1,1270x1","{1000=2, 1100=1, 1270=1} @4370mm (pw=4370, util=100.0%)","true","0","3","1","1.000000000","21","248","0.063006820","0","230","228.466257669","0.394673123","1.930490774","130","1007","34255"
"4330|850x1,1080x2,1320x1","{850=1, 1080=2, 1320=1} @4330mm (pw=4330, util=100.0%)","false","0","0","0","0.000000000","4","89","0.012087464","2","270","228.466257669","0.023510746","4.492250429",,"20312","131"
"4340|600x1,760x1,790x1,1090x1,1100x1","{600=1, 760=1, 790=1, 1090=1, 1100=1} @4340mm (pw=4340, util=100.0%)","false","0","0","0","0.000000000","18","309","0.075337488","1","260","228.466257669","0.030737318","1.737488351",,"131","39762"
"4380|980x2,1100x1,1320x1","{980=2, 1100=1, 1320=1} @4380mm (pw=4380, util=100.0%)","false","0","1","1","1.000000000","19","289","0.069507524","1","220","228.466257669","0.105638367","2.873254749","131","671","9699"
"4330|1030x1,1080x2,1140x1","{1030=1, 1080=2, 1140=1} @4330mm (pw=4330, util=100.0%)","false","0","0","0","0.000000000","2","6","0.001676446","2","270","228.466257669","0.023510746","4.491326086",,"48176","132"
"4330|860x1,1090x1,1100x1,1280x1","{860=1, 1090=1, 1100=1, 1280=1} @4330mm (pw=4330, util=100.0%)","true","0","0","0","0.000000000","17","293","0.075243423","0","270","228.466257669","0.023510746","2.082370818",,"132","29757"
"4390|1015x1,1125x3","{1015=1, 1125=3} @4390mm (pw=4390, util=100.0%)","false","0","1","1","1.000000000","1","6","0.001757469","1","210","228.466257669","0.051370942","2.125715510","132","47512","28546"
"4330|840x1,1090x1,1100x1,1300x1","{840=1, 1090=1, 1100=1, 1300=1} @4330mm (pw=4330, util=100.0%)","true","0","0","0","0.000000000","20","296","0.075194383","0","270","228.466257669","0.023510746","2.052628361",,"133","30635"
"4360|1060x1,1080x2,1140x1","{1060=1, 1080=2, 1140=1} @4360mm (pw=4360, util=100.0%)","false","0","0","0","0.000000000","3","22","0.005441152","1","240","228.466257669","0.079784630","4.490149232",,"28889","133"
"4390|1050x1,1100x2,1140x1","{1050=1, 1100=2, 1140=1} @4390mm (pw=4390, util=100.0%)","true","0","0","1","1.000000000","15","222","0.057207223","0","210","228.466257669","0.051370942","2.728931417","133","2216","12630"
"4340|550x1,740x1,1015x3","{550=1, 740=1, 1015=3} @4340mm (pw=4335, util=99.9%)","false","0","0","0","0.000000000","1","13","0.000769185","2","265","228.466257669","0.026642694","4.489551478",,"52357","134"
"4360|850x1,1100x1,1150x1,1260x1","{850=1, 1100=1, 1150=1, 1260=1} @4360mm (pw=4360, util=100.0%)","true","0","0","0","0.000000000","21","327","0.075159182","0","240","228.466257669","0.079784630","2.001218453",,"134","32160"
"4370|1050x1,1090x1,1100x1,1125x1","{1050=1, 1090=1, 1100=1, 1125=1} @4370mm (pw=4365, util=99.9%)","true","0","0","0","0.000000000","17","293","0.075158873","0","235","228.466257669","0.132736156","1.970666819",,"135","33057"
"4380|780x1,840x3,1080x1","{780=1, 840=3, 1080=1} @4380mm (pw=4380, util=100.0%)","false","0","0","0","0.000000000","4","9","0.001187178","2","220","228.466257669","0.105638367","4.487988942",,"51339","135"
"4390|550x3,870x1,890x1,980x1","{550=3, 870=1, 890=1, 980=1} @4390mm (pw=4390, util=100.0%)","false","0","0","1","0.942533983","8","90","0.015665684","2","210","228.466257669","0.051370942","2.130511445","135","15582","28409"
"4300|860x1,1090x1,1100x1,1250x1","{860=1, 1090=1, 1100=1, 1250=1} @4300mm (pw=4300, util=100.0%)","true","0","0","0","0.000000000","17","293","0.075112603","0","300","228.466257669","0.013786687","2.155927939",,"136","27629"
"4320|760x1,840x2,860x1,1015x1","{760=1, 840=2, 860=1, 1015=1} @4320mm (pw=4315, util=99.9%)","false","0","0","0","0.000000000","7","25","0.003002325","1","285","228.466257669","0.017381105","4.487223012",,"39471","136"
"4400|1050x1,1100x1,1125x2","{1050=1, 1100=1, 1125=2} @4400mm (pw=4400, util=100.0%)","true","0","0","1","0.761085993","14","222","0.057288246","0","200","228.466257669","0.033937123","1.793409701","136","2195","38266"
"4300|1010x2,1140x2","{1010=2, 1140=2} @4300mm (pw=4300, util=100.0%)","false","0","0","1","0.750000000","2","6","0.001676446","1","300","228.466257669","0.013786687","2.517931952","137","48138","17465"
"4400|550x1,870x1,950x1,1015x2","{550=1, 870=1, 950=1, 1015=2} @4400mm (pw=4400, util=100.0%)","false","0","0","0","0.000000000","1","13","0.000769185","3","200","228.466257669","0.033937123","4.483269234",,"52693","137"
"4320|600x1,780x1,840x1,1015x1,1080x1","{600=1, 780=1, 840=1, 1015=1, 1080=1} @4320mm (pw=4315, util=99.9%)","false","0","0","0","0.000000000","4","9","0.001187178","4","285","228.466257669","0.017381105","4.482604901",,"51883","138"
"4340|950x2,1220x2","{950=2, 1220=2} @4340mm (pw=4340, util=100.0%)","false","0","0","1","0.738914007","1","4","0.001305057","1","260","228.466257669","0.030737318","4.088964018","138","50101","478"
"4370|980x1,1030x1,1100x1,1260x1","{980=1, 1030=1, 1100=1, 1260=1} @4370mm (pw=4370, util=100.0%)","false","0","0","0","0.000000000","22","305","0.075107804","1","230","228.466257669","0.394673123","2.483112906",,"138","18357"
"4300|860x1,1080x1,1140x1,1220x1","{860=1, 1080=1, 1140=1, 1220=1} @4300mm (pw=4300, util=100.0%)","false","0","0","0","0.000000000","4","14","0.003540631","1","300","228.466257669","0.013786687","4.480940502",,"36508","139"
"4360|980x1,1020x1,1100x1,1260x1","{980=1, 1020=1, 1100=1, 1260=1} @4360mm (pw=4360, util=100.0%)","false","0","0","0","0.000000000","22","305","0.075107804","1","240","228.466257669","0.079784630","2.031810873",,"139","31244"
"4380|850x1,970x1,1280x2","{850=1, 970=1, 1280=2} @4380mm (pw=4380, util=100.0%)","true","0","0","1","0.533648253","8","107","0.016550420","0","220","228.466257669","0.105638367","1.916090504","139","14062","34675"
"4360|980x1,1015x1,1100x1,1260x1","{980=1, 1015=1, 1100=1, 1260=1} @4360mm (pw=4355, util=99.9%)","false","0","0","0","0.000000000","22","305","0.075107804","1","245","228.466257669","0.057032890","3.330940353",,"140","3824"
"4380|760x3,1015x1,1080x1","{760=3, 1015=1, 1080=1} @4380mm (pw=4375, util=99.9%)","false","0","0","0","0.000000000","2","12","0.001256018","2","225","228.466257669","0.223901099","4.480026267",,"50324","140"
"4400|1060x1,1100x2,1140x1","{1060=1, 1100=2, 1140=1} @4400mm (pw=4400, util=100.0%)","true","0","0","1","0.500000000","15","234","0.060052177","0","200","228.466257669","0.033937123","2.323474060","140","1382","22680"
"4300|840x1,1100x2,1260x1","{840=1, 1100=2, 1260=1} @4300mm (pw=4300, util=100.0%)","true","0","0","1","0.500000000","19","237","0.061398484","0","300","228.466257669","0.013786687","2.546385443","141","1169","16810"
"4350|980x1,1010x1,1100x1,1260x1","{980=1, 1010=1, 1100=1, 1260=1} @4350mm (pw=4350, util=100.0%)","false","0","0","0","0.000000000","22","305","0.075107804","1","250","228.466257669","0.044377893","2.095929052",,"141","29389"
"4380|600x1,860x1,890x1,1015x2","{600=1, 860=1, 890=1, 1015=2} @4380mm (pw=4380, util=100.0%)","false","0","0","0","0.000000000","1","4","0.000559128","3","220","228.466257669","0.105638367","4.478500309",,"53964","141"
"4300|960x1,980x1,1100x1,1260x1","{960=1, 980=1, 1100=1, 1260=1} @4300mm (pw=4300, util=100.0%)","false","0","0","0","0.000000000","22","305","0.075107804","1","300","228.466257669","0.013786687","2.245659935",,"142","24918"
"4320|1015x2,1030x1,1260x1","{1015=2, 1030=1, 1260=1} @4320mm (pw=4320, util=100.0%)","false","0","0","0","0.000000000","3","16","0.005600280","2","280","228.466257669","0.019035385","4.477041328",,"28450","142"
"4380|1000x2,1100x1,1280x1","{1000=2, 1100=1, 1280=1} @4380mm (pw=4380, util=100.0%)","true","0","0","1","0.442533983","21","247","0.062699603","0","220","228.466257669","0.105638367","2.096440316","142","1031","29371"
"4310|850x2,1130x1,1480x1","{850=2, 1130=1, 1480=1} @4310mm (pw=4310, util=100.0%)","true","0","0","1","0.250000000","7","95","0.014026618","0","290","228.466257669","0.015991367","2.109452201","143","18234","28954"
"4350|1015x2,1060x1,1260x1","{1015=2, 1060=1, 1260=1} @4350mm (pw=4350, util=100.0%)","false","0","0","0","0.000000000","4","32","0.009364986","1","250","228.466257669","0.044377893","4.475864474",,"21800","143"
"4380|1050x1,1090x1,1100x1,1140x1","{1050=1, 1090=1, 1100=1, 1140=1} @4380mm (pw=4380, util=100.0%)","true","0","0","0","0.000000000","18","293","0.075077850","0","220","228.466257669","0.105638367","2.794947399",,"143","11242"
"4320|1050x2,1080x1,1140x1","{1050=2, 1080=1, 1140=1} @4320mm (pw=4320, util=100.0%)","false","0","0","0","0.000000000","3","10","0.002596198","1","280","228.466257669","0.019035385","4.471158807",,"42159","144"
"4360|550x1,760x1,860x1,1090x1,1100x1","{550=1, 760=1, 860=1, 1090=1, 1100=1} @4360mm (pw=4360, util=100.0%)","true","0","0","0","0.000000000","19","312","0.075065983","0","240","228.466257669","0.079784630","2.181094402",,"144","26857"
"4360|980x2,1200x2","{980=2, 1200=2} @4360mm (pw=4360, util=100.0%)","true","0","0","1","0.200752708","8","79","0.015523261","0","240","228.466257669","0.079784630","1.685992814","144","16118","41104"
"4370|910x1,1090x1,1100x1,1270x1","{910=1, 1090=1, 1100=1, 1270=1} @4370mm (pw=4370, util=100.0%)","false","0","0","0","0.000000000","16","290","0.074991512","1","230","228.466257669","0.394673123","1.145624077",,"145","51264"
"4380|1050x1,1100x2,1130x1","{1050=1, 1100=2, 1130=1} @4380mm (pw=4380, util=100.0%)","true","0","0","1","0.119457004","15","221","0.056905914","0","220","228.466257669","0.105638367","2.060337079","145","2408","30383"
"4400|550x1,740x1,1015x2,1080x1","{550=1, 740=1, 1015=2, 1080=1} @4400mm (pw=4400, util=100.0%)","false","0","0","0","0.000000000","1","13","0.000769185","3","200","228.466257669","0.033937123","4.470452316",,"52686","145"
"4340|980x2,1100x1,1280x1","{980=2, 1100=1, 1280=1} @4340mm (pw=4340, util=100.0%)","true","0","0","1","0.086216207","20","295","0.071710167","0","260","228.466257669","0.030737318","2.006698326","146","413","32007"
"4360|900x1,1090x1,1100x1,1270x1","{900=1, 1090=1, 1100=1, 1270=1} @4360mm (pw=4360, util=100.0%)","false","0","0","0","0.000000000","16","290","0.074991512","1","240","228.466257669","0.079784630","1.145624077",,"146","51265"
"4390|1000x1,1015x1,1050x1,1320x1","{1000=1, 1015=1, 1050=1, 1320=1} @4390mm (pw=4385, util=99.9%)","false","0","0","0","0.000000000","9","33","0.006805686","2","215","228.466257669","0.069126378","4.468507222",,"25586","146"
"4340|950x1,1100x2,1190x1","{950=1, 1100=2, 1190=1} @4340mm (pw=4340, util=100.0%)","false","0","0","1","0.067873325","13","216","0.055842552","1","260","228.466257669","0.030737318","1.855731558","147","3225","36434"
"4350|890x1,1090x1,1100x1,1270x1","{890=1, 1090=1, 1100=1, 1270=1} @4350mm (pw=4350, util=100.0%)","false","0","0","0","0.000000000","16","290","0.074991512","1","250","228.466257669","0.044377893","1.680869032",,"147","41229"
"4380|760x1,840x2,860x1,1080x1","{760=1, 840=2, 860=1, 1080=1} @4380mm (pw=4380, util=100.0%)","false","0","0","0","0.000000000","7","25","0.003002325","1","220","228.466257669","0.105638367","4.468123850",,"39460","147"
"4300|950x1,1050x1,1080x1,1220x1","{950=1, 1050=1, 1080=1, 1220=1} @4300mm (pw=4300, util=100.0%)","false","0","0","0","0.000000000","2","8","0.002224809","2","300","228.466257669","0.013786687","4.465210483",,"44765","148"
"4310|550x3,600x1,980x1,1080x1","{550=3, 600=1, 980=1, 1080=1} @4310mm (pw=4310, util=100.0%)","false","0","0","1","0.057466017","8","90","0.015665684","2","290","228.466257669","0.015991367","2.643456880","148","15642","14463"
"4400|940x1,1090x1,1100x1,1270x1","{940=1, 1090=1, 1100=1, 1270=1} @4400mm (pw=4400, util=100.0%)","false","0","0","0","0.000000000","16","290","0.074991512","1","200","228.466257669","0.033937123","1.145624077",,"148","51266"
"4330|870x1,1090x1,1100x1,1270x1","{870=1, 1090=1, 1100=1, 1270=1} @4330mm (pw=4330, util=100.0%)","false","0","0","0","0.000000000","16","290","0.074991512","1","270","228.466257669","0.023510746","1.809105391",,"149","37814"
"4350|600x1,840x2,1015x1,1050x1","{600=1, 840=2, 1015=1, 1050=1} @4350mm (pw=4345, util=99.9%)","false","0","0","0","0.000000000","5","13","0.002106930","2","255","228.466257669","0.036319073","4.465066119",,"45611","149"
"4370|550x3,600x1,870x1,1250x1","{550=3, 600=1, 870=1, 1250=1} @4370mm (pw=4370, util=100.0%)","false","0","0","1","0.057466017","2","19","0.002841008","2","230","228.466257669","0.394673123","1.974768125","149","40896","32942"
"4380|600x1,780x1,840x1,1080x2","{600=1, 780=1, 840=1, 1080=2} @4380mm (pw=4380, util=100.0%)","false","0","0","0","0.000000000","4","9","0.001187178","3","220","228.466257669","0.105638367","4.463505739",,"51454","150"
"4390|550x3,600x1,890x1,1250x1","{550=3, 600=1, 890=1, 1250=1} @4390mm (pw=4390, util=100.0%)","false","0","0","1","0.057466017","2","19","0.002841008","2","210","228.466257669","0.051370942","1.846531766","150","40914","36742"
"4390|600x1,760x1,840x1,1090x1,1100x1","{600=1, 760=1, 840=1, 1090=1, 1100=1} @4390mm (pw=4390, util=100.0%)","false","0","0","0","0.000000000","21","304","0.074924849","1","210","228.466257669","0.051370942","2.440261712",,"150","19485"
"4320|550x1,790x2,1090x1,1100x1","{550=1, 790=2, 1090=1, 1100=1} @4320mm (pw=4320, util=100.0%)","true","0","0","0","0.000000000","17","310","0.074850654","0","280","228.466257669","0.019035385","1.202321772",,"151","50595"
"4320|760x4,1280x1","{760=4, 1280=1} @4320mm (pw=4320, util=100.0%)","true","0","0","1","0.047635528","3","18","0.003458662","0","280","228.466257669","0.019035385","2.721391018","151","36946","12803"
"4370|890x1,1015x1,1140x1,1320x1","{890=1, 1015=1, 1140=1, 1320=1} @4370mm (pw=4365, util=99.9%)","false","0","0","0","0.000000000","2","6","0.001676446","3","235","228.466257669","0.132736156","4.462835208",,"48207","151"
"4320|600x1,760x1,860x1,1015x1,1080x1","{600=1, 760=1, 860=1, 1015=1, 1080=1} @4320mm (pw=4315, util=99.9%)","false","0","0","0","0.000000000","3","16","0.001815146","3","285","228.466257669","0.017381105","4.462739809",,"47408","152"
"4400|550x1,790x1,870x1,1090x1,1100x1","{550=1, 790=1, 870=1, 1090=1, 1100=1} @4400mm (pw=4400, util=100.0%)","false","0","0","0","0.000000000","17","310","0.074850654","1","200","228.466257669","0.033937123","1.700498993",,"152","40690"
"4400|550x3,760x1,840x1,1150x1","{550=3, 760=1, 840=1, 1150=1} @4400mm (pw=4400, util=100.0%)","true","0","0","1","0.035792551","9","44","0.006072794","0","200","228.466257669","0.033937123","2.236950439","152","27179","25158"
"4310|550x1,780x1,790x1,1090x1,1100x1","{550=1, 780=1, 790=1, 1090=1, 1100=1} @4310mm (pw=4310, util=100.0%)","false","0","0","0","0.000000000","17","310","0.074850654","1","290","228.466257669","0.015991367","1.498186133",,"153","45584"
"4360|1000x1,1015x1,1080x1,1260x1","{1000=1, 1015=1, 1080=1, 1260=1} @4360mm (pw=4355, util=99.9%)","false","0","0","0","0.000000000","11","45","0.011486215","2","245","228.466257669","0.057032890","4.459148934",,"20926","153"
"4400|550x3,760x1,860x1,1125x1","{550=3, 760=1, 860=1, 1125=1} @4400mm (pw=4395, util=99.9%)","true","0","0","1","0.007394589","5","35","0.004341801","0","205","228.466257669","0.040872618","1.918979782","153","32466","34587"
"4300|1000x2,1150x2","{1000=2, 1150=2} @4300mm (pw=4300, util=100.0%)","true","0","0","1","0.000000000","10","39","0.008746347","0","300","228.466257669","0.013786687","2.087532838","154","22368","29594"
"4370|1050x1,1090x1,1100x1,1130x1","{1050=1, 1090=1, 1100=1, 1130=1} @4370mm (pw=4370, util=100.0%)","true","0","0","0","0.000000000","18","292","0.074776541","0","230","228.466257669","0.394673123","2.126353061",,"154","28531"
"4390|1015x1,1030x1,1080x1,1260x1","{1015=1, 1030=1, 1080=1, 1260=1} @4390mm (pw=4385, util=99.9%)","false","0","0","0","0.000000000","3","16","0.005600280","3","215","228.466257669","0.069126378","4.457942166",,"28504","154"
"4300|1000x3,1300x1","{1000=3, 1300=1} @4300mm (pw=4300, util=100.0%)","true","0","0","1","0.000000000","9","33","0.007411488","0","300","228.466257669","0.013786687","2.225233673","155","24417","25506"
"4350|1015x2,1100x1,1220x1","{1015=2, 1100=1, 1220=1} @4350mm (pw=4350, util=100.0%)","false","0","0","0","0.000000000","13","216","0.055916082","1","250","228.466257669","0.044377893","4.457890311",,"3100","155"
"4360|600x2,970x1,1090x1,1100x1","{600=2, 970=1, 1090=1, 1100=1} @4360mm (pw=4360, util=100.0%)","false","0","0","0","0.000000000","18","295","0.074741965","1","240","228.466257669","0.079784630","1.891200420",,"155","35450"
"4300|550x2,1000x1,1100x2","{550=2, 1000=1, 1100=2} @4300mm (pw=4300, util=100.0%)","true","0","0","1","0.000000000","21","254","0.061266145","0","300","228.466257669","0.013786687","1.527960736","156","1173","44924"
"4360|1015x2,1050x1,1280x1","{1015=2, 1050=1, 1280=1} @4360mm (pw=4360, util=100.0%)","false","0","0","0","0.000000000","2","10","0.003122395","1","240","228.466257669","0.079784630","4.448571479",,"38744","156"
"4370|900x1,1090x1,1100x1,1280x1","{900=1, 1090=1, 1100=1, 1280=1} @4370mm (pw=4370, util=100.0%)","false","0","0","0","0.000000000","16","289","0.074684295","1","230","228.466257669","0.394673123","1.311573619",,"156","48953"
"4300|600x1,740x5","{600=1, 740=5} @4300mm (pw=4300, util=100.0%)","false","0","0","1","0.000000000","0","0","0.000000000","2","300","228.466257669","0.013786687","0.475549015","157",,
"4360|860x1,1015x1,1220x1,1260x1","{860=1, 1015=1, 1220=1, 1260=1} @4360mm (pw=4355, util=99.9%)","false","0","0","0","0.000000000","5","24","0.007464465","1","245","228.466257669","0.057032890","4.447556583",,"24377","157"
"4380|910x1,1090x1,1100x1,1280x1","{910=1, 1090=1, 1100=1, 1280=1} @4380mm (pw=4380, util=100.0%)","false","0","0","0","0.000000000","16","289","0.074684295","1","220","228.466257669","0.105638367","1.311573619",,"157","48954"
"4300|780x1,1100x2,1320x1","{780=1, 1100=2, 1320=1} @4300mm (pw=4300, util=100.0%)","false","0","0","1","0.000000000","12","212","0.054611025","2","300","228.466257669","0.013786687","2.573282514","158","3715","16155"
"4350|890x1,1015x1,1220x2","{890=1, 1015=1, 1220=2} @4350mm (pw=4345, util=99.9%)","false","0","0","0","0.000000000","1","4","0.001305057","2","255","228.466257669","0.036319073","4.447462623",,"50134","158"
"4360|890x1,1090x1,1100x1,1280x1","{890=1, 1090=1, 1100=1, 1280=1} @4360mm (pw=4360, util=100.0%)","false","0","0","0","0.000000000","16","289","0.074684295","1","240","228.466257669","0.079784630","1.846818574",,"158","36731"
"4310|550x3,840x1,860x1,960x1","{550=3, 840=1, 860=1, 960=1} @4310mm (pw=4310, util=100.0%)","false","0","0","1","0.000000000","6","26","0.002515491","1","290","228.466257669","0.015991367","2.376871085","159","42755","21173"
"4340|870x1,1090x1,1100x1,1280x1","{870=1, 1090=1, 1100=1, 1280=1} @4340mm (pw=4340, util=100.0%)","false","0","0","0","0.000000000","16","289","0.074684295","1","260","228.466257669","0.030737318","1.975054933",,"159","32932"
"4390|550x1,840x1,970x1,1015x2","{550=1, 840=1, 970=1, 1015=2} @4390mm (pw=4390, util=100.0%)","false","0","0","0","0.000000000","8","34","0.004216676","1","210","228.466257669","0.051370942","4.447164756",,"33043","159"
"4300|760x1,1080x1,1140x1,1320x1","{760=1, 1080=1, 1140=1, 1320=1} @4300mm (pw=4300, util=100.0%)","false","0","0","0","0.000000000","4","18","0.002932464","2","300","228.466257669","0.013786687","4.447074707",,"40036","160"
"4310|600x2,850x1,1130x2","{600=2, 850=1, 1130=2} @4310mm (pw=4310, util=100.0%)","false","0","0","1","0.000000000","6","94","0.013462602","1","290","228.466257669","0.015991367","1.559019647","160","18861","44243"
"4360|980x1,1060x1,1100x1,1220x1","{980=1, 1060=1, 1100=1, 1220=1} @4360mm (pw=4360, util=100.0%)","true","0","0","0","0.000000000","21","309","0.074577287","0","240","228.466257669","0.079784630","2.717394336",,"160","12885"
"4310|550x1,860x1,870x1,1015x2","{550=1, 860=1, 870=1, 1015=2} @4310mm (pw=4310, util=100.0%)","false","0","0","0","0.000000000","2","17","0.001328313","2","290","228.466257669","0.015991367","4.444849612",,"49911","161"
"4350|860x1,1090x1,1100x1,1300x1","{860=1, 1090=1, 1100=1, 1300=1} @4350mm (pw=4350, util=100.0%)","true","0","0","0","0.000000000","17","291","0.074566333","0","250","228.466257669","0.044377893","1.955348106",,"161","33489"
"4310|790x1,850x3,970x1","{790=1, 850=3, 970=1} @4310mm (pw=4310, util=100.0%)","true","0","0","1","0.000000000","8","115","0.015947594","0","290","228.466257669","0.015991367","1.374203886","162","15211","47962"
"4380|600x1,760x1,860x1,1080x2","{600=1, 760=1, 860=1, 1080=2} @4380mm (pw=4380, util=100.0%)","false","0","0","0","0.000000000","3","16","0.001815146","2","220","228.466257669","0.105638367","4.443640646",,"47227","162"
"4380|940x1,1090x1,1100x1,1250x1","{940=1, 1090=1, 1100=1, 1250=1} @4380mm (pw=4380, util=100.0%)","false","0","0","0","0.000000000","16","289","0.074553475","1","220","228.466257669","0.105638367","1.385130741",,"162","47762"
"4310|950x1,1100x1,1130x2","{950=1, 1100=1, 1130=2} @4310mm (pw=4310, util=100.0%)","false","0","0","1","0.000000000","14","217","0.055986163","1","290","228.466257669","0.015991367","1.915858660","163","3028","34688"
"4360|970x1,1015x1,1050x1,1320x1","{970=1, 1015=1, 1050=1, 1320=1} @4360mm (pw=4355, util=99.9%)","false","0","0","0","0.000000000","4","16","0.003180064","2","245","228.466257669","0.057032890","4.441956814",,"38574","163"
"4390|950x1,1090x1,1100x1,1250x1","{950=1, 1090=1, 1100=1, 1250=1} @4390mm (pw=4390, util=100.0%)","false","0","0","0","0.000000000","16","289","0.074553475","1","210","228.466257669","0.051370942","2.194347561",,"163","26464"
"4310|960x1,1100x2,1150x1","{960=1, 1100=2, 1150=1} @4310mm (pw=4310, util=100.0%)","false","0","0","1","0.000000000","14","222","0.057471437","1","290","228.466257669","0.015991367","1.483607765","164","2086","45894"
"4350|600x2,1015x1,1050x1,1080x1","{600=2, 1015=1, 1050=1, 1080=1} @4350mm (pw=4345, util=99.9%)","false","0","0","0","0.000000000","1","4","0.000919752","3","255","228.466257669","0.036319073","4.440582916",,"52085","164"
"4350|910x1,1090x1,1100x1,1250x1","{910=1, 1090=1, 1100=1, 1250=1} @4350mm (pw=4350, util=100.0%)","false","0","0","0","0.000000000","16","289","0.074553475","1","250","228.466257669","0.044377893","1.385130741",,"164","47763"
"4310|980x2,1100x1,1250x1","{980=2, 1100=1, 1250=1} @4310mm (pw=4310, util=100.0%)","true","0","0","1","0.000000000","20","295","0.071579347","0","290","228.466257669","0.015991367","2.080255447","165","428","29809"
"4380|1015x1,1050x2,1260x1","{1015=1, 1050=2, 1260=1} @4380mm (pw=4375, util=99.9%)","false","0","0","0","0.000000000","4","20","0.006520032","1","225","228.466257669","0.223901099","4.437774887",,"26245","165"
"4400|960x1,1090x1,1100x1,1250x1","{960=1, 1090=1, 1100=1, 1250=1} @4400mm (pw=4400, util=100.0%)","false","0","0","0","0.000000000","16","289","0.074553475","1","200","228.466257669","0.033937123","1.741537613",,"165","39657"
"4320|550x3,760x1,840x1,1070x1","{550=3, 760=1, 840=1, 1070=1} @4320mm (pw=4320, util=100.0%)","false","0","0","1","0.000000000","7","34","0.003212382","1","280","228.466257669","0.019035385","2.223615720","166","38416","25556"
"4340|900x1,1090x1,1100x1,1250x1","{900=1, 1090=1, 1100=1, 1250=1} @4340mm (pw=4340, util=100.0%)","false","0","0","0","0.000000000","16","289","0.074553475","1","260","228.466257669","0.030737318","1.385130741",,"166","47764"
"4340|960x1,1080x2,1220x1","{960=1, 1080=2, 1220=1} @4340mm (pw=4340, util=100.0%)","false","0","0","0","0.000000000","1","4","0.001305057","2","260","228.466257669","0.030737318","4.436848317",,"50149","166"
"4320|550x3,840x1,860x1,970x1","{550=3, 840=1, 860=1, 970=1} @4320mm (pw=4320, util=100.0%)","true","0","0","1","0.000000000","9","38","0.004775804","0","280","228.466257669","0.019035385","2.588980415","167","30919","15752"
"4330|890x1,1090x1,1100x1,1250x1","{890=1, 1090=1, 1100=1, 1250=1} @4330mm (pw=4330, util=100.0%)","false","0","0","0","0.000000000","16","289","0.074553475","1","270","228.466257669","0.023510746","1.920375696",,"167","34553"
"4330|970x1,1015x1,1080x1,1260x1","{970=1, 1015=1, 1080=1, 1260=1} @4330mm (pw=4325, util=99.9%)","false","0","0","0","0.000000000","6","28","0.007860593","2","275","228.466257669","0.021037687","4.432598525",,"23689","167"
"4310|870x1,1090x1,1100x1,1250x1","{870=1, 1090=1, 1100=1, 1250=1} @4310mm (pw=4310, util=100.0%)","false","0","0","0","0.000000000","16","289","0.074553475","1","290","228.466257669","0.015991367","2.048612055",,"168","30718"
"4330|1000x1,1100x2,1130x1","{1000=1, 1100=2, 1130=1} @4330mm (pw=4330, util=100.0%)","true","0","0","1","0.000000000","22","246","0.061872097","0","270","228.466257669","0.023510746","1.657263344","168","1117","41809"
"4400|550x1,840x1,980x1,1015x2","{550=1, 840=1, 980=1, 1015=2} @4400mm (pw=4400, util=100.0%)","false","0","0","0","0.000000000","12","99","0.016852862","1","200","228.466257669","0.033937123","4.428844169",,"13576","168"
"4330|1010x3,1300x1","{1010=3, 1300=1} @4330mm (pw=4330, util=100.0%)","false","0","0","1","0.000000000","1","4","0.001525553","1","270","228.466257669","0.023510746","1.060061808","169","49115","52180"
"4340|550x1,840x1,850x1,1000x1,1100x1","{550=1, 840=1, 850=1, 1000=1, 1100=1} @4340mm (pw=4340, util=100.0%)","true","0","0","0","0.000000000","29","352","0.074540788","0","260","228.466257669","0.030737318","2.143052324",,"169","28013"
"4380|550x1,860x1,870x1,1015x1,1080x1","{550=1, 860=1, 870=1, 1015=1, 1080=1} @4380mm (pw=4375, util=99.9%)","false","0","0","0","0.000000000","2","17","0.001328313","3","225","228.466257669","0.223901099","4.425750450",,"49946","169"
"4330|550x1,1260x3","{550=1, 1260=3} @4330mm (pw=4330, util=100.0%)","true","0","0","1","0.000000000","4","29","0.006369465","0","270","228.466257669","0.023510746","3.126617236","170","26544","5963"
"4370|550x1,760x1,870x1,1090x1,1100x1","{550=1, 760=1, 870=1, 1090=1, 1100=1} @4370mm (pw=4370, util=100.0%)","false","0","0","0","0.000000000","18","308","0.074506856","1","230","228.466257669","0.394673123","2.073778517",,"170","29990"
"4370|980x1,1015x1,1050x1,1320x1","{980=1, 1015=1, 1050=1, 1320=1} @4370mm (pw=4365, util=99.9%)","false","0","0","0","0.000000000","8","81","0.015816250","2","235","228.466257669","0.132736156","4.423636227",,"15384","170"
"4330|550x2,600x2,1015x2","{550=2, 600=2, 1015=2} @4330mm (pw=4330, util=100.0%)","false","0","0","1","0.000000000","1","13","0.000769185","2","270","228.466257669","0.023510746","3.715934772","171","52367","1453"
"4330|760x2,780x1,1015x2","{760=2, 780=1, 1015=2} @4330mm (pw=4330, util=100.0%)","false","0","0","0","0.000000000","2","12","0.001256018","2","270","228.466257669","0.023510746","4.421710267",,"50403","171"
"4390|550x1,760x1,890x1,1090x1,1100x1","{550=1, 760=1, 890=1, 1090=1, 1100=1} @4390mm (pw=4390, util=100.0%)","false","0","0","0","0.000000000","18","308","0.074506856","1","210","228.466257669","0.051370942","1.945542158",,"171","33800"
"4330|550x3,760x1,910x1,1010x1","{550=3, 760=1, 910=1, 1010=1} @4330mm (pw=4330, util=100.0%)","false","0","0","1","0.000000000","3","25","0.002025204","2","270","228.466257669","0.023510746","1.126849166","172","46155","51476"
"4340|980x1,1015x1,1080x1,1260x1","{980=1, 1015=1, 1080=1, 1260=1} @4340mm (pw=4335, util=99.9%)","false","0","0","0","0.000000000","10","93","0.020496778","2","265","228.466257669","0.026642694","4.414277938",,"7931","172"
"4400|550x1,760x1,900x1,1090x1,1100x1","{550=1, 760=1, 900=1, 1090=1, 1100=1} @4400mm (pw=4400, util=100.0%)","false","0","0","0","0.000000000","18","308","0.074506856","1","200","228.466257669","0.033937123","1.410297203",,"172","47291"
"4310|550x1,840x1,890x1,1015x2","{550=1, 840=1, 890=1, 1015=2} @4310mm (pw=4310, util=100.0%)","false","0","0","0","0.000000000","5","22","0.001956364","2","290","228.466257669","0.015991367","4.413893509",,"46674","173"
"4330|550x3,840x1,860x1,980x1","{550=3, 840=1, 860=1, 980=1} @4330mm (pw=4330, util=100.0%)","true","0","0","1","0.000000000","13","103","0.017411990","0","270","228.466257669","0.023510746","2.570659828","173","12597","16217"
"4330|980x1,1060x1,1100x1,1190x1","{980=1, 1060=1, 1100=1, 1190=1} @4330mm (pw=4330, util=100.0%)","true","0","0","0","0.000000000","21","309","0.074503757","0","270","228.466257669","0.023510746","1.850142801",,"173","36615"
"4330|840x1,850x3,940x1","{840=1, 850=3, 940=1} @4330mm (pw=4330, util=100.0%)","false","0","0","1","0.000000000","8","98","0.013274643","1","270","228.466257669","0.023510746","1.508461045","174","19290","45312"
"4360|550x1,780x1,840x1,1090x1,1100x1","{550=1, 780=1, 840=1, 1090=1, 1100=1} @4360mm (pw=4360, util=100.0%)","false","0","0","0","0.000000000","20","305","0.074438016","1","240","228.466257669","0.079784630","2.200959494",,"174","26270"
"4360|760x1,1015x1,1260x1,1320x1","{760=1, 1015=1, 1260=1, 1320=1} @4360mm (pw=4355, util=99.9%)","false","0","0","0","0.000000000","5","28","0.006856298","2","245","228.466257669","0.057032890","4.413690787",,"25479","174"
"4320|550x1,740x1,840x1,1090x1,1100x1","{550=1, 740=1, 840=1, 1090=1, 1100=1} @4320mm (pw=4320, util=100.0%)","false","0","0","0","0.000000000","20","305","0.074438016","1","280","228.466257669","0.019035385","1.777084128",,"175","38720"
"4330|850x1,1000x2,1480x1","{850=1, 1000=2, 1480=1} @4330mm (pw=4330, util=100.0%)","true","0","0","1","0.000000000","13","119","0.018537415","0","270","228.466257669","0.023510746","2.702428576","175","10679","13167"
"4390|970x1,1080x2,1260x1","{970=1, 1080=2, 1260=1} @4390mm (pw=4390, util=100.0%)","false","0","0","0","0.000000000","6","28","0.007860593","1","210","228.466257669","0.051370942","4.413499363",,"23675","175"
"4330|850x1,1100x2,1280x1","{850=1, 1100=2, 1280=1} @4330mm (pw=4330, util=100.0%)","true","0","0","1","0.000000000","17","307","0.068901133","0","270","228.466257669","0.023510746","1.459018834","176","726","46373"
"4340|780x1,840x2,860x1,1015x1","{780=1, 840=2, 860=1, 1015=1} @4340mm (pw=4335, util=99.9%)","false","0","0","0","0.000000000","5","13","0.001746306","2","265","228.466257669","0.026642694","4.409807849",,"47815","176"
"4400|790x1,1100x1,1240x1,1270x1","{790=1, 1100=1, 1240=1, 1270=1} @4400mm (pw=4400, util=100.0%)","true","0","0","0","0.000000000","19","279","0.074303358","0","200","228.466257669","0.033937123","1.623642863",,"176","42647"
"4320|970x1,980x1,1100x1,1270x1","{970=1, 980=1, 1100=1, 1270=1} @4320mm (pw=4320, util=100.0%)","true","0","0","0","0.000000000","23","308","0.074277696","0","280","228.466257669","0.019035385","1.859069370",,"177","36322"
"4340|550x3,760x1,860x1,1070x1","{550=3, 760=1, 860=1, 1070=1} @4340mm (pw=4340, util=100.0%)","false","0","0","1","0.000000000","4","29","0.002584331","1","260","228.466257669","0.030737318","2.126335465","177","42199","28532"
"4360|860x2,1320x2","{860=2, 1320=2} @4360mm (pw=4360, util=100.0%)","false","0","0","0","0.000000000","1","4","0.000559128","1","240","228.466257669","0.079784630","4.408820348",,"53847","177"
"4330|840x1,1100x1,1150x1,1240x1","{840=1, 1100=1, 1150=1, 1240=1} @4330mm (pw=4330, util=100.0%)","true","0","0","0","0.000000000","23","277","0.074241271","0","270","228.466257669","0.023510746","2.374009021",,"178","21275"
"4340|550x3,760x1,910x1,1020x1","{550=3, 760=1, 910=1, 1020=1} @4340mm (pw=4340, util=100.0%)","false","0","0","1","0.000000000","3","25","0.002025204","2","260","228.466257669","0.030737318","1.062730987","178","46143","52147"
"4400|760x2,780x1,1015x1,1080x1","{760=2, 780=1, 1015=1, 1080=1} @4400mm (pw=4395, util=99.9%)","false","0","0","0","0.000000000","2","12","0.001256018","3","205","228.466257669","0.040872618","4.402611105",,"50609","178"
"4340|550x3,760x1,960x1,970x1","{550=3, 760=1, 960=1, 970=1} @4340mm (pw=4340, util=100.0%)","false","0","0","1","0.000000000","6","37","0.004285516","1","260","228.466257669","0.030737318","1.845096251","179","32704","36777"
"4350|840x1,870x1,1320x2","{840=1, 870=1, 1320=2} @4350mm (pw=4350, util=100.0%)","false","0","0","0","0.000000000","4","9","0.001187178","2","250","228.466257669","0.044377893","4.398784718",,"51364","179"
"4390|1070x1,1090x1,1100x1,1125x1","{1070=1, 1090=1, 1100=1, 1125=1} @4390mm (pw=4385, util=99.9%)","false","0","0","0","0.000000000","16","289","0.074239121","1","215","228.466257669","0.069126378","1.407891563",,"179","47354"
"4340|760x1,1100x1,1240x2","{760=1, 1100=1, 1240=2} @4340mm (pw=4340, util=100.0%)","true","0","0","1","0.000000000","19","270","0.071449699","0","260","228.466257669","0.030737318","2.313796594","180","455","22931"
"4350|840x1,950x1,1080x1,1480x1","{840=1, 950=1, 1080=1, 1480=1} @4350mm (pw=4350, util=100.0%)","false","0","0","0","0.000000000","5","10","0.001751194","2","250","228.466257669","0.044377893","4.398716559",,"47710","180"
"4400|1080x1,1090x1,1100x1,1125x1","{1080=1, 1090=1, 1100=1, 1125=1} @4400mm (pw=4395, util=99.9%)","false","0","0","0","0.000000000","16","289","0.074239121","1","205","228.466257669","0.040872618","2.395114601",,"180","20709"
"4350|1030x1,1090x1,1100x1,1125x1","{1030=1, 1090=1, 1100=1, 1125=1} @4350mm (pw=4345, util=99.9%)","false","0","0","0","0.000000000","16","289","0.074239121","1","255","228.466257669","0.036319073","1.566386316",,"181","44063"
"4360|1010x1,1100x2,1150x1","{1010=1, 1100=2, 1150=1} @4360mm (pw=4360, util=100.0%)","false","0","0","1","0.000000000","14","222","0.057471437","1","240","228.466257669","0.079784630","1.333876881","181","2079","48627"
"4360|850x1,1015x2,1480x1","{850=1, 1015=2, 1480=1} @4360mm (pw=4360, util=100.0%)","false","0","0","0","0.000000000","5","90","0.012651480","1","240","228.466257669","0.079784630","4.395669935",,"19953","181"
"4340|1020x1,1090x1,1100x1,1125x1","{1020=1, 1090=1, 1100=1, 1125=1} @4340mm (pw=4335, util=99.9%)","false","0","0","0","0.000000000","16","289","0.074239121","1","265","228.466257669","0.026642694","1.115084283",,"182","51622"
"4360|1030x2,1150x2","{1030=2, 1150=2} @4360mm (pw=4360, util=100.0%)","false","0","0","1","0.000000000","2","10","0.002860412","1","240","228.466257669","0.079784630","2.085119302","182","40396","29677"
"4400|980x1,1080x2,1260x1","{980=1, 1080=2, 1260=1} @4400mm (pw=4400, util=100.0%)","false","0","0","0","0.000000000","10","93","0.020496778","1","200","228.466257669","0.033937123","4.395178776",,"7917","182"
"4330|1015x1,1090x1,1100x1,1125x1","{1015=1, 1090=1, 1100=1, 1125=1} @4330mm (pw=4330, util=100.0%)","false","0","0","0","0.000000000","16","289","0.074239121","1","270","228.466257669","0.023510746","2.414213763",,"183","20209"
"4360|550x2,600x2,980x1,1080x1","{550=2, 600=2, 980=1, 1080=1} @4360mm (pw=4360, util=100.0%)","false","0","0","1","0.000000000","8","90","0.015665684","2","240","228.466257669","0.079784630","2.805343935","183","15573","11035"
"4380|550x1,840x1,890x1,1015x1,1080x1","{550=1, 840=1, 890=1, 1015=1, 1080=1} @4380mm (pw=4375, util=99.9%)","false","0","0","0","0.000000000","5","22","0.001956364","3","225","228.466257669","0.223901099","4.394794347",,"46705","183"
"4330|1010x1,1090x1,1100x1,1125x1","{1010=1, 1090=1, 1100=1, 1125=1} @4330mm (pw=4325, util=99.9%)","false","0","0","0","0.000000000","16","289","0.074239121","1","275","228.466257669","0.021037687","1.179202462",,"184","50889"
"4360|550x3,840x1,860x1,1010x1","{550=3, 840=1, 860=1, 1010=1} @4360mm (pw=4360, util=100.0%)","false","0","0","1","0.000000000","6","26","0.002515491","1","240","228.466257669","0.079784630","2.227140201","184","42750","25438"
"4400|780x1,840x2,860x1,1080x1","{780=1, 840=2, 860=1, 1080=1} @4400mm (pw=4400, util=100.0%)","false","0","0","0","0.000000000","5","13","0.001746306","2","200","228.466257669","0.033937123","4.390708687",,"47802","184"
"4340|600x1,790x1,850x1,1000x1,1100x1","{600=1, 790=1, 850=1, 1000=1, 1100=1} @4340mm (pw=4340, util=100.0%)","false","0","0","0","0.000000000","25","344","0.074184241","1","260","228.466257669","0.030737318","1.602166019",,"185","43173"
"4340|760x1,840x1,860x2,1015x1","{760=1, 840=1, 860=2, 1015=1} @4340mm (pw=4335, util=99.9%)","false","0","0","0","0.000000000","7","25","0.003002325","1","265","228.466257669","0.026642694","4.389942757",,"39467","185"
"4360|550x3,840x1,910x1,960x1","{550=3, 840=1, 910=1, 960=1} @4360mm (pw=4360, util=100.0%)","false","0","0","1","0.000000000","5","22","0.001956364","2","240","228.466257669","0.079784630","1.606073886","185","46598","43070"
"4340|550x2,1050x1,1090x1,1100x1","{550=2, 1050=1, 1090=1, 1100=1} @4340mm (pw=4340, util=100.0%)","true","0","0","0","0.000000000","17","300","0.074170589","0","260","228.466257669","0.030737318","1.997050453",,"186","32287"
"4340|890x1,1050x1,1080x1,1320x1","{890=1, 1050=1, 1080=1, 1320=1} @4340mm (pw=4340, util=100.0%)","false","0","0","0","0.000000000","1","4","0.000919752","3","260","228.466257669","0.030737318","4.389586405",,"52107","186"
"4360|840x1,850x3,970x1","{840=1, 850=3, 970=1} @4360mm (pw=4360, util=100.0%)","true","0","0","1","0.000000000","11","110","0.015534955","0","240","228.466257669","0.079784630","2.076977247","186","16089","29889"
"4340|600x1,780x1,860x1,1015x1,1080x1","{600=1, 780=1, 860=1, 1015=1, 1080=1} @4340mm (pw=4335, util=99.9%)","false","0","0","0","0.000000000","1","4","0.000559128","4","265","228.466257669","0.026642694","4.385324646",,"54333","187"
"4360|860x3,890x2","{860=3, 890=2} @4360mm (pw=4360, util=100.0%)","false","0","0","1","0.000000000","1","4","0.000559128","1","240","228.466257669","0.079784630","3.382881506","187","53848","3424"
"4390|550x1,600x1,1050x1,1090x1,1100x1","{550=1, 600=1, 1050=1, 1090=1, 1100=1} @4390mm (pw=4390, util=100.0%)","false","0","0","0","0.000000000","17","300","0.074170589","1","210","228.466257669","0.051370942","2.158937509",,"187","27540"
"4320|1015x2,1140x1,1150x1","{1015=2, 1140=1, 1150=1} @4320mm (pw=4320, util=100.0%)","false","0","0","0","0.000000000","4","16","0.004536858","1","280","228.466257669","0.019035385","4.384364375",,"31627","188"
"4360|1030x1,1090x1,1100x1,1140x1","{1030=1, 1090=1, 1100=1, 1140=1} @4360mm (pw=4360, util=100.0%)","false","0","0","0","0.000000000","17","289","0.074158098","1","240","228.466257669","0.079784630","2.390666897",,"188","20825"
"4370|1020x1,1100x2,1150x1","{1020=1, 1100=2, 1150=1} @4370mm (pw=4370, util=100.0%)","false","0","0","1","0.000000000","14","222","0.057471437","1","230","228.466257669","0.394673123","1.269758702","188","2076","49645"
"4310|890x1,1080x2,1260x1","{890=1, 1080=2, 1260=1} @4310mm (pw=4310, util=100.0%)","false","0","0","0","0.000000000","3","16","0.005600280","2","290","228.466257669","0.015991367","4.380228116",,"28461","189"
"4350|1020x1,1090x1,1100x1,1140x1","{1020=1, 1090=1, 1100=1, 1140=1} @4350mm (pw=4350, util=100.0%)","false","0","0","0","0.000000000","17","289","0.074158098","1","250","228.466257669","0.044377893","1.939364863",,"189","33990"
"4370|1070x2,1100x1,1130x1","{1070=2, 1100=1, 1130=1} @4370mm (pw=4370, util=100.0%)","false","0","0","1","0.000000000","14","217","0.055986163","1","230","228.466257669","0.394673123","1.593676370","189","3017","43395"
"4330|760x1,840x2,870x1,1015x1","{760=1, 840=2, 870=1, 1015=1} @4330mm (pw=4325, util=99.9%)","false","0","0","0","0.000000000","6","21","0.002443197","2","275","228.466257669","0.021037687","4.379907127",,"43416","190"
"4350|1015x1,1090x1,1100x1,1140x1","{1015=1, 1090=1, 1100=1, 1140=1} @4350mm (pw=4345, util=99.9%)","false","0","0","0","0.000000000","17","289","0.074158098","1","255","228.466257669","0.036319073","3.238494343",,"190","4671"
"4370|550x3,760x1,980x2","{550=3, 760=1, 980=2} @4370mm (pw=4370, util=100.0%)","true","0","0","1","0.000000000","10","102","0.016921702","0","230","228.466257669","0.394673123","2.020564408","190","13406","31579"
"4310|550x1,760x1,840x1,1080x2","{550=1, 760=1, 840=1, 1080=2} @4310mm (pw=4310, util=100.0%)","false","0","0","0","0.000000000","7","34","0.003212382","1","290","228.466257669","0.015991367","4.379033846",,"38417","191"
"4370|550x3,840x1,860x1,1020x1","{550=3, 840=1, 860=1, 1020=1} @4370mm (pw=4370, util=100.0%)","false","0","0","1","0.000000000","6","26","0.002515491","1","230","228.466257669","0.394673123","2.163022022","191","42745","27415"
"4400|1070x1,1090x1,1100x1,1140x1","{1070=1, 1090=1, 1100=1, 1140=1} @4400mm (pw=4400, util=100.0%)","false","0","0","0","0.000000000","17","289","0.074158098","1","200","228.466257669","0.033937123","2.232172143",,"191","25299"
"4310|870x1,1080x1,1140x1,1220x1","{870=1, 1080=1, 1140=1, 1220=1} @4310mm (pw=4310, util=100.0%)","false","0","0","0","0.000000000","3","10","0.002981503","2","290","228.466257669","0.015991367","4.373624617",,"39668","192"
"4340|1010x1,1090x1,1100x1,1140x1","{1010=1, 1090=1, 1100=1, 1140=1} @4340mm (pw=4340, util=100.0%)","false","0","0","0","0.000000000","17","289","0.074158098","1","260","228.466257669","0.030737318","2.003483042",,"192","32095"
"4370|550x3,840x1,910x1,970x1","{550=3, 840=1, 910=1, 970=1} @4370mm (pw=4370, util=100.0%)","false","0","0","1","0.000000000","8","34","0.004216676","1","230","228.466257669","0.394673123","1.818183216","192","33039","37562"
"4350|550x2,1015x2,1220x1","{550=2, 1015=2, 1220=1} @4350mm (pw=4350, util=100.0%)","false","0","0","0","0.000000000","2","17","0.002074242","1","250","228.466257669","0.044377893","4.373032809",,"45707","193"
"4380|1000x2,1190x2","{1000=2, 1190=2} @4380mm (pw=4380, util=100.0%)","true","0","0","1","0.000000000","9","33","0.007117462","0","220","228.466257669","0.105638367","1.926160529","193","25102","34378"
"4390|550x1,790x1,970x1,980x1,1100x1","{550=1, 790=1, 970=1, 980=1, 1100=1} @4390mm (pw=4390, util=100.0%)","true","0","0","0","0.000000000","24","328","0.074136839","0","210","228.466257669","0.051370942","1.750462972",,"193","39429"
"4350|950x1,1080x2,1240x1","{950=1, 1080=2, 1240=1} @4350mm (pw=4350, util=100.0%)","false","0","0","0","0.000000000","5","46","0.015582656","2","250","228.466257669","0.044377893","4.372374293",,"15904","194"
"4360|980x1,1100x1,1125x1,1150x1","{980=1, 1100=1, 1125=1, 1150=1} @4360mm (pw=4355, util=99.9%)","true","0","0","0","0.000000000","22","305","0.074125405","0","245","228.466257669","0.057032890","1.566155372",,"194","44074"
"4380|1060x2,1130x2","{1060=2, 1130=2} @4380mm (pw=4380, util=100.0%)","true","0","0","1","0.000000000","3","21","0.005139843","0","220","228.466257669","0.105638367","1.952757276","194","29636","33571"
"4370|600x1,790x2,1090x1,1100x1","{600=1, 790=2, 1090=1, 1100=1} @4370mm (pw=4370, util=100.0%)","false","0","0","0","0.000000000","16","297","0.074081469","1","230","228.466257669","0.394673123","1.364208827",,"195","48121"
"4380|550x3,760x1,840x1,1125x1","{550=3, 760=1, 840=1, 1125=1} @4380mm (pw=4375, util=99.9%)","true","0","0","1","0.000000000","8","40","0.004969851","0","225","228.466257669","0.223901099","2.016260037","195","30331","31708"
"4400|760x1,840x1,860x2,1080x1","{760=1, 840=1, 860=2, 1080=1} @4400mm (pw=4400, util=100.0%)","false","0","0","0","0.000000000","7","25","0.003002325","1","200","228.466257669","0.033937123","4.370843595",,"39464","195"
"4300|790x1,1090x1,1100x1,1320x1","{790=1, 1090=1, 1100=1, 1320=1} @4300mm (pw=4300, util=100.0%)","false","0","0","0","0.000000000","16","297","0.074081469","1","300","228.466257669","0.013786687","2.343434135",,"196","22138"
"4320|780x1,1080x1,1140x1,1320x1","{780=1, 1080=1, 1140=1, 1320=1} @4320mm (pw=4320, util=100.0%)","false","0","0","0","0.000000000","2","6","0.001676446","3","280","228.466257669","0.019035385","4.369659544",,"48265","196"
"4380|550x3,760x1,960x1,1010x1","{550=3, 760=1, 960=1, 1010=1} @4380mm (pw=4380, util=100.0%)","false","0","0","1","0.000000000","3","25","0.002025204","2","220","228.466257669","0.105638367","1.483256038","196","46085","45904"
"4360|600x1,780x1,790x1,1090x1,1100x1","{600=1, 780=1, 790=1, 1090=1, 1100=1} @4360mm (pw=4360, util=100.0%)","false","0","0","0","0.000000000","16","297","0.074081469","2","240","228.466257669","0.079784630","1.660073189",,"197","41743"
"4370|600x1,840x1,860x1,1015x1,1050x1","{600=1, 840=1, 860=1, 1015=1, 1050=1} @4370mm (pw=4365, util=99.9%)","false","0","0","0","0.000000000","6","17","0.002666058","2","235","228.466257669","0.132736156","4.367785864",,"41906","197"
"4380|550x3,860x1,910x1,960x1","{550=3, 860=1, 910=1, 960=1} @4380mm (pw=4380, util=100.0%)","false","0","0","1","0.000000000","2","17","0.001328313","2","220","228.466257669","0.105638367","1.508793631","197","49832","45301"
"4320|600x1,740x1,790x1,1090x1,1100x1","{600=1, 740=1, 790=1, 1090=1, 1100=1} @4320mm (pw=4320, util=100.0%)","false","0","0","0","0.000000000","16","297","0.074081469","2","280","228.466257669","0.019035385","1.236197823",,"198","50138"
"4380|600x1,1260x3","{600=1, 1260=3} @4380mm (pw=4380, util=100.0%)","false","0","0","1","0.000000000","3","16","0.005600280","1","220","228.466257669","0.105638367","3.288504292","198","28389","4176"
"4400|600x1,780x1,860x1,1080x2","{600=1, 780=1, 860=1, 1080=2} @4400mm (pw=4400, util=100.0%)","false","0","0","0","0.000000000","1","4","0.000559128","3","200","228.466257669","0.033937123","4.366225484",,"54067","198"
"4340|850x1,1100x1,1125x1,1260x1","{850=1, 1100=1, 1125=1, 1260=1} @4340mm (pw=4335, util=99.9%)","true","0","0","0","0.000000000","20","323","0.074056239","0","265","228.466257669","0.026642694","1.780528051",,"199","38623"
"4390|1015x1,1080x1,1140x1,1150x1","{1015=1, 1080=1, 1140=1, 1150=1} @4390mm (pw=4385, util=99.9%)","false","0","0","0","0.000000000","4","16","0.004536858","2","215","228.466257669","0.069126378","4.365265213",,"31639","199"
"4390|1030x1,1100x1,1130x2","{1030=1, 1100=1, 1130=2} @4390mm (pw=4390, util=100.0%)","false","0","0","1","0.000000000","14","217","0.055986163","1","210","228.466257669","0.051370942","1.700501683","199","3021","40689"
"4370|980x1,1100x1,1140x1,1150x1","{980=1, 1100=1, 1140=1, 1150=1} @4370mm (pw=4370, util=100.0%)","true","0","0","0","0.000000000","23","305","0.074044381","0","230","228.466257669","0.394673123","2.390435952",,"200","20828"
"4390|550x2,1090x1,1100x2","{550=2, 1090=1, 1100=2} @4390mm (pw=4390, util=100.0%)","true","0","0","1","0.000000000","16","296","0.073250837","0","210","228.466257669","0.051370942","1.338160649","200","262","48548"
"4390|760x1,840x2,870x1,1080x1","{760=1, 840=2, 870=1, 1080=1} @4390mm (pw=4390, util=100.0%)","false","0","0","0","0.000000000","6","21","0.002443197","2","210","228.466257669","0.051370942","4.360807965",,"43367","200"
"4380|890x1,1090x1,1100x1,1300x1","{890=1, 1090=1, 1100=1, 1300=1} @4380mm (pw=4380, util=100.0%)","false","0","0","0","0.000000000","16","287","0.074007205","1","220","228.466257669","0.105638367","1.719795863",,"201","40235"
"4390|550x3,760x1,910x1,1070x1","{550=3, 760=1, 910=1, 1070=1} @4390mm (pw=4390, util=100.0%)","false","0","0","1","0.000000000","3","25","0.002025204","2","210","228.466257669","0.051370942","1.355538267","201","46109","48266"
"4400|950x2,1015x1,1480x1","{950=2, 1015=1, 1480=1} @4400mm (pw=4395, util=99.9%)","false","0","0","0","0.000000000","1","1","0.000564016","2","205","228.466257669","0.040872618","4.358955087",,"53675","201"
"4360|870x1,1090x1,1100x1,1300x1","{870=1, 1090=1, 1100=1, 1300=1} @4360mm (pw=4360, util=100.0%)","false","0","0","0","0.000000000","16","287","0.074007205","1","240","228.466257669","0.079784630","1.848032222",,"202","36693"
"4390|550x1,840x2,1015x1,1140x1","{550=1, 840=2, 1015=1, 1140=1} @4390mm (pw=4385, util=99.9%)","false","0","0","0","0.000000000","7","28","0.003632810","1","215","228.466257669","0.069126378","4.357328704",,"35909","202"
"4390|550x3,760x1,960x1,1020x1","{550=3, 760=1, 960=1, 1020=1} @4390mm (pw=4390, util=100.0%)","false","0","0","1","0.000000000","3","25","0.002025204","2","210","228.466257669","0.051370942","1.419137859","202","46111","47113"
"4330|600x1,760x1,870x1,1015x1,1080x1","{600=1, 760=1, 870=1, 1015=1, 1080=1} @4330mm (pw=4325, util=99.9%)","false","0","0","0","0.000000000","2","12","0.001256018","4","275","228.466257669","0.021037687","4.355423924",,"51026","203"
"4390|550x3,760x1,970x1,1010x1","{550=3, 760=1, 970=1, 1010=1} @4390mm (pw=4390, util=100.0%)","false","0","0","1","0.000000000","6","37","0.004285516","1","210","228.466257669","0.051370942","1.695365368","203","32698","40855"
"4390|900x1,1090x1,1100x1,1300x1","{900=1, 1090=1, 1100=1, 1300=1} @4390mm (pw=4390, util=100.0%)","false","0","0","0","0.000000000","16","287","0.074007205","1","210","228.466257669","0.051370942","1.184550908",,"203","50828"
"4300|780x1,1080x1,1220x2","{780=1, 1080=1, 1220=2} @4300mm (pw=4300, util=100.0%)","false","0","0","0","0.000000000","1","4","0.001305057","2","300","228.466257669","0.013786687","4.354286960",,"50171","204"
"4390|550x3,860x1,910x1,970x1","{550=3, 860=1, 910=1, 970=1} @4390mm (pw=4390, util=100.0%)","false","0","0","1","0.000000000","5","29","0.003588626","1","210","228.466257669","0.051370942","1.720902961","204","36286","40206"
"4400|910x1,1090x1,1100x1,1300x1","{910=1, 1090=1, 1100=1, 1300=1} @4400mm (pw=4400, util=100.0%)","false","0","0","0","0.000000000","16","287","0.074007205","1","200","228.466257669","0.033937123","1.184550908",,"204","50829"
"4350|840x1,1050x1,1140x1,1320x1","{840=1, 1050=1, 1140=1, 1320=1} @4350mm (pw=4350, util=100.0%)","false","0","0","0","0.000000000","7","19","0.003783376","1","250","228.466257669","0.044377893","4.352120762",,"34938","205"
"4350|850x1,1100x1,1140x1,1260x1","{850=1, 1100=1, 1140=1, 1260=1} @4350mm (pw=4350, util=100.0%)","true","0","0","0","0.000000000","21","323","0.073975216","0","250","228.466257669","0.044377893","2.604808632",,"205","15380"
"4390|550x3,890x1,900x1,950x1","{550=3, 890=1, 900=1, 950=1} @4390mm (pw=4390, util=100.0%)","false","0","0","1","0.000000000","1","13","0.000769185","3","210","228.466257669","0.051370942","1.726051336","205","52624","40078"
"4320|550x1,600x1,1015x2,1140x1","{550=1, 600=1, 1015=2, 1140=1} @4320mm (pw=4320, util=100.0%)","false","0","0","0","0.000000000","3","19","0.002445631","2","280","228.466257669","0.019035385","4.351944663",,"43173","206"
"4330|970x1,980x1,1100x1,1280x1","{970=1, 980=1, 1100=1, 1280=1} @4330mm (pw=4330, util=100.0%)","true","0","0","0","0.000000000","23","307","0.073970479","0","270","228.466257669","0.023510746","2.025018912",,"206","31426"
"4390|940x1,1150x3","{940=1, 1150=3} @4390mm (pw=4390, util=100.0%)","false","0","0","1","0.000000000","2","10","0.002860412","1","210","228.466257669","0.051370942","1.346099424","206","40400","48397"
"4310|1015x1,1070x1,1080x1,1140x1","{1015=1, 1070=1, 1080=1, 1140=1} @4310mm (pw=4305, util=99.9%)","false","0","0","0","0.000000000","2","6","0.001676446","3","295","228.466257669","0.014807413","4.351930494",,"48283","207"
"4370|760x1,1100x1,1240x1,1270x1","{760=1, 1100=1, 1240=1, 1270=1} @4370mm (pw=4370, util=100.0%)","true","0","0","0","0.000000000","20","277","0.073959560","0","230","228.466257669","0.394673123","1.996922387",,"207","32289"
"4400|1000x2,1100x1,1300x1","{1000=2, 1100=1, 1300=1} @4400mm (pw=4400, util=100.0%)","true","0","0","1","0.000000000","21","245","0.062022513","0","200","228.466257669","0.033937123","1.969417605","207","1100","33106"
"4300|790x1,1015x2,1480x1","{790=1, 1015=2, 1480=1} @4300mm (pw=4300, util=100.0%)","false","0","0","0","0.000000000","2","15","0.002163833","1","300","228.466257669","0.013786687","4.347512830",,"45096","208"
"4360|960x1,1060x1,1100x1,1240x1","{960=1, 1060=1, 1100=1, 1240=1} @4360mm (pw=4360, util=100.0%)","false","0","0","0","0.000000000","18","274","0.073958387","1","240","228.466257669","0.079784630","2.006321621",,"208","32016"
"4400|1010x2,1190x2","{1010=2, 1190=2} @4400mm (pw=4400, util=100.0%)","false","0","0","1","0.000000000","1","4","0.001231527","1","200","228.466257669","0.033937123","1.149379286","208","51092","51227"
"4350|950x1,1060x1,1100x1,1240x1","{950=1, 1060=1, 1100=1, 1240=1} @4350mm (pw=4350, util=100.0%)","false","0","0","0","0.000000000","18","274","0.073958387","1","250","228.466257669","0.044377893","2.459131569",,"209","18983"
"4380|1015x2,1125x1,1220x1","{1015=2, 1125=1, 1220=1} @4380mm (pw=4375, util=99.9%)","false","0","0","0","0.000000000","2","10","0.003062526","1","225","228.466257669","0.223901099","4.346649175",,"38967","209"
"4400|550x3,760x1,970x1,1020x1","{550=3, 760=1, 970=1, 1020=1} @4400mm (pw=4400, util=100.0%)","false","0","0","1","0.000000000","6","37","0.004285516","1","200","228.466257669","0.033937123","1.631247189","209","32702","42470"
"4330|840x1,950x1,1220x1,1320x1","{840=1, 950=1, 1220=1, 1320=1} @4330mm (pw=4330, util=100.0%)","false","0","0","0","0.000000000","5","13","0.002492236","2","270","228.466257669","0.023510746","4.346172438",,"43005","210"
"4340|940x1,1060x1,1100x1,1240x1","{940=1, 1060=1, 1100=1, 1240=1} @4340mm (pw=4340, util=100.0%)","false","0","0","0","0.000000000","18","274","0.073958387","1","260","228.466257669","0.030737318","1.649914749",,"210","41994"
"4400|550x3,790x1,980x2","{550=3, 790=1, 980=2} @4400mm (pw=4400, util=100.0%)","true","0","0","1","0.000000000","9","104","0.017265501","0","200","228.466257669","0.033937123","1.647284884","210","12814","42085"
"4310|910x1,1060x1,1100x1,1240x1","{910=1, 1060=1, 1100=1, 1240=1} @4310mm (pw=4310, util=100.0%)","false","0","0","0","0.000000000","18","274","0.073958387","1","290","228.466257669","0.015991367","1.649914749",,"211","41995"
"4350|760x1,780x2,1015x2","{760=1, 780=2, 1015=2} @4350mm (pw=4350, util=100.0%)","false","0","0","0","0.000000000","2","12","0.001256018","2","250","228.466257669","0.044377893","4.344295104",,"50370","211"
"4400|550x3,860x1,910x1,980x1","{550=3, 860=1, 910=1, 980=1} @4400mm (pw=4400, util=100.0%)","false","0","0","1","0.000000000","9","94","0.016224811","1","200","228.466257669","0.033937123","1.702582374","211","14626","40638"
"4300|900x1,1060x1,1100x1,1240x1","{900=1, 1060=1, 1100=1, 1240=1} @4300mm (pw=4300, util=100.0%)","false","0","0","0","0.000000000","18","274","0.073958387","1","300","228.466257669","0.013786687","1.649914749",,"212","41996"
"4320|840x1,1080x1,1140x1,1260x1","{840=1, 1080=1, 1140=1, 1260=1} @4320mm (pw=4320, util=100.0%)","false","0","0","0","0.000000000","9","31","0.008463904","1","280","228.466257669","0.019035385","4.342762473",,"22697","212"
"4400|600x1,760x5","{600=1, 760=5} @4400mm (pw=4400, util=100.0%)","false","0","0","1","0.000000000","2","12","0.001256018","1","200","228.466257669","0.033937123","2.982001658","212","50308","7991"
"4360|550x1,850x1,860x1,1000x1,1100x1","{550=1, 850=1, 860=1, 1000=1, 1100=1} @4360mm (pw=4360, util=100.0%)","true","0","0","0","0.000000000","26","347","0.073912737","0","240","228.466257669","0.079784630","2.045772069",,"213","30821"
"4370|870x1,1015x1,1220x1,1260x1","{870=1, 1015=1, 1220=1, 1260=1} @4370mm (pw=4365, util=99.9%)","false","0","0","0","0.000000000","4","20","0.006905337","2","235","228.466257669","0.132736156","4.340240698",,"25404","213"
"4400|940x1,1100x2,1260x1","{940=1, 1100=2, 1260=1} @4400mm (pw=4400, util=100.0%)","false","0","0","1","0.000000000","15","228","0.060211305","1","200","228.466257669","0.033937123","1.678307990","213","1330","41283"
"4340|980x1,1060x1,1100x1,1200x1","{980=1, 1060=1, 1100=1, 1200=1} @4340mm (pw=4340, util=100.0%)","true","0","0","0","0.000000000","21","307","0.073898992","0","260","228.466257669","0.030737318","1.774929938",,"214","38778"
"4360|550x1,760x1,950x1,1015x1,1080x1","{550=1, 760=1, 950=1, 1015=1, 1080=1} @4360mm (pw=4355, util=99.9%)","false","0","0","0","0.000000000","3","25","0.002025204","3","245","228.466257669","0.057032890","4.339272375",,"46239","214"
"4320|550x1,870x2,1015x2","{550=1, 870=2, 1015=2} @4320mm (pw=4320, util=100.0%)","false","0","0","0","0.000000000","1","13","0.000769185","2","280","228.466257669","0.019035385","4.337533728",,"52375","215"
"4330|840x1,1050x1,1220x2","{840=1, 1050=1, 1220=2} @4330mm (pw=4330, util=100.0%)","true","0","0","0","0.000000000","6","17","0.003411987","0","270","228.466257669","0.023510746","4.336748177",,"37436","216"
"4390|1070x1,1090x1,1100x1,1130x1","{1070=1, 1090=1, 1100=1, 1130=1} @4390mm (pw=4390, util=100.0%)","false","0","0","0","0.000000000","17","288","0.073856789","1","210","228.466257669","0.051370942","1.563577805",,"216","44140"
"4310|950x1,1080x1,1140x2","{950=1, 1080=1, 1140=2} @4310mm (pw=4310, util=100.0%)","false","0","0","0","0.000000000","2","6","0.001676446","2","290","228.466257669","0.015991367","4.336384922",,"48189","217"
"4350|1030x1,1090x1,1100x1,1130x1","{1030=1, 1090=1, 1100=1, 1130=1} @4350mm (pw=4350, util=100.0%)","false","0","0","0","0.000000000","17","288","0.073856789","1","250","228.466257669","0.044377893","1.722072559",,"217","40177"
"4390|600x1,760x1,870x1,1080x2","{600=1, 760=1, 870=1, 1080=2} @4390mm (pw=4390, util=100.0%)","false","0","0","0","0.000000000","2","12","0.001256018","3","210","228.466257669","0.051370942","4.336324762",,"50542","218"
"4400|1080x1,1090x1,1100x1,1130x1","{1080=1, 1090=1, 1100=1, 1130=1} @4400mm (pw=4400, util=100.0%)","false","0","0","0","0.000000000","17","288","0.073856789","1","200","228.466257669","0.033937123","2.550800843",,"218","16696"
"4340|1020x1,1090x1,1100x1,1130x1","{1020=1, 1090=1, 1100=1, 1130=1} @4340mm (pw=4340, util=100.0%)","false","0","0","0","0.000000000","17","288","0.073856789","1","260","228.466257669","0.030737318","1.270770525",,"219","49627"
"4380|780x1,1015x1,1260x1,1320x1","{780=1, 1015=1, 1260=1, 1320=1} @4380mm (pw=4375, util=99.9%)","false","0","0","0","0.000000000","3","16","0.005600280","3","225","228.466257669","0.223901099","4.336275625",,"28482","219"
"4340|1015x1,1090x1,1100x1,1130x1","{1015=1, 1090=1, 1100=1, 1130=1} @4340mm (pw=4335, util=99.9%)","false","0","0","0","0.000000000","17","288","0.073856789","1","265","228.466257669","0.026642694","2.569900005",,"220","16240"
"4390|550x1,600x1,1015x1,1080x1,1140x1","{550=1, 600=1, 1015=1, 1080=1, 1140=1} @4390mm (pw=4385, util=99.9%)","false","0","0","0","0.000000000","3","19","0.002445631","3","215","228.466257669","0.069126378","4.332845501",,"43208","220"
"4330|1010x1,1090x1,1100x1,1130x1","{1010=1, 1090=1, 1100=1, 1130=1} @4330mm (pw=4330, util=100.0%)","false","0","0","0","0.000000000","17","288","0.073856789","1","270","228.466257669","0.023510746","1.334888704",,"221","48603"
"4370|1070x1,1080x2,1140x1","{1070=1, 1080=2, 1140=1} @4370mm (pw=4370, util=100.0%)","false","0","0","0","0.000000000","2","6","0.001676446","2","230","228.466257669","0.394673123","4.332831332",,"48141","221"
"4310|600x1,760x1,850x1,1000x1,1100x1","{600=1, 760=1, 850=1, 1000=1, 1100=1} @4310mm (pw=4310, util=100.0%)","false","0","0","0","0.000000000","26","342","0.073840443","1","290","228.466257669","0.015991367","1.975445543",,"222","32917"
"4400|760x1,1015x1,1140x1,1480x1","{760=1, 1015=1, 1140=1, 1480=1} @4400mm (pw=4395, util=99.9%)","false","0","0","0","0.000000000","5","19","0.003496480","1","205","228.466257669","0.040872618","4.331395051",,"36783","222"
"4300|970x1,980x1,1100x1,1250x1","{970=1, 980=1, 1100=1, 1250=1} @4300mm (pw=4300, util=100.0%)","true","0","0","0","0.000000000","23","307","0.073839659","0","300","228.466257669","0.013786687","2.098576034",,"223","29296"
"4370|790x1,1015x1,1080x1,1480x1","{790=1, 1015=1, 1080=1, 1480=1} @4370mm (pw=4365, util=99.9%)","false","0","0","0","0.000000000","2","15","0.002163833","2","235","228.466257669","0.132736156","4.328413668",,"45101","223"
"4370|740x1,760x1,840x1,1015x2","{740=1, 760=1, 840=1, 1015=2} @4370mm (pw=4370, util=100.0%)","false","0","0","0","0.000000000","6","21","0.002443197","2","230","228.466257669","0.394673123","4.327328738",,"43332","224"
"4380|550x1,780x1,860x1,1090x1,1100x1","{550=1, 780=1, 860=1, 1090=1, 1100=1} @4380mm (pw=4380, util=100.0%)","false","0","0","0","0.000000000","17","300","0.073809965","1","220","228.466257669","0.105638367","2.103679239",,"224","29119"
"4340|550x1,740x1,860x1,1090x1,1100x1","{550=1, 740=1, 860=1, 1090=1, 1100=1} @4340mm (pw=4340, util=100.0%)","false","0","0","0","0.000000000","17","300","0.073809965","1","260","228.466257669","0.030737318","1.679803873",,"225","41252"
"4380|1000x1,1015x1,1140x1,1220x1","{1000=1, 1015=1, 1140=1, 1220=1} @4380mm (pw=4375, util=99.9%)","false","0","0","0","0.000000000","11","39","0.008867438","1","225","228.466257669","0.223901099","4.324309077",,"22254","225"
"4330|1015x1,1080x1,1090x1,1140x1","{1015=1, 1080=1, 1090=1, 1140=1} @4330mm (pw=4325, util=99.9%)","false","0","0","0","0.000000000","5","77","0.019547073","2","275","228.466257669","0.021037687","4.321831929",,"9089","226"
"4360|550x1,760x1,970x1,980x1,1100x1","{550=1, 760=1, 970=1, 980=1, 1100=1} @4360mm (pw=4360, util=100.0%)","true","0","0","0","0.000000000","25","326","0.073793040","0","240","228.466257669","0.079784630","2.123742496",,"226","28580"
"4370|960x1,1090x1,1100x1,1220x1","{960=1, 1090=1, 1100=1, 1220=1} @4370mm (pw=4370, util=100.0%)","false","0","0","0","0.000000000","16","287","0.073786709","1","230","228.466257669","0.394673123","2.336189128",,"227","22348"
"4380|1015x2,1050x1,1300x1","{1015=2, 1050=1, 1300=1} @4380mm (pw=4380, util=100.0%)","false","0","0","0","0.000000000","2","8","0.002445305","1","220","228.466257669","0.105638367","4.321548767",,"43278","227"
"4360|950x1,1090x1,1100x1,1220x1","{950=1, 1090=1, 1100=1, 1220=1} @4360mm (pw=4360, util=100.0%)","false","0","0","0","0.000000000","16","287","0.073786709","1","240","228.466257669","0.079784630","2.788999076",,"228","11365"
"4380|600x2,840x1,1015x1,1320x1","{600=2, 840=1, 1015=1, 1320=1} @4380mm (pw=4375, util=99.9%)","false","0","0","0","0.000000000","4","9","0.001187178","3","225","228.466257669","0.223901099","4.321544871",,"51444","228"
"4310|860x1,950x1,1015x1,1480x1","{860=1, 950=1, 1015=1, 1480=1} @4310mm (pw=4305, util=99.9%)","false","0","0","0","0.000000000","2","5","0.001123144","2","295","228.466257669","0.014807413","4.320535466",,"51984","229"
"4350|940x1,1090x1,1100x1,1220x1","{940=1, 1090=1, 1100=1, 1220=1} @4350mm (pw=4350, util=100.0%)","false","0","0","0","0.000000000","16","287","0.073786709","1","250","228.466257669","0.044377893","1.979782256",,"229","32766"
"4300|1015x2,1130x1,1140x1","{1015=2, 1130=1, 1140=1} @4300mm (pw=4300, util=100.0%)","false","0","0","0","0.000000000","4","11","0.003051583","1","300","228.466257669","0.013786687","4.319360216",,"39018","230"
"4320|910x1,1090x1,1100x1,1220x1","{910=1, 1090=1, 1100=1, 1220=1} @4320mm (pw=4320, util=100.0%)","false","0","0","0","0.000000000","16","287","0.073786709","1","280","228.466257669","0.019035385","1.979782256",,"230","32767"
"4310|900x1,1090x1,1100x1,1220x1","{900=1, 1090=1, 1100=1, 1220=1} @4310mm (pw=4310, util=100.0%)","false","0","0","0","0.000000000","16","287","0.073786709","1","290","228.466257669","0.015991367","1.979782256",,"231","32768"
"4360|1015x2,1070x1,1260x1","{1015=2, 1070=1, 1260=1} @4360mm (pw=4360, util=100.0%)","false","0","0","0","0.000000000","3","16","0.005600280","2","240","228.466257669","0.079784630","4.318546575",,"28417","231"
"4300|890x1,1090x1,1100x1,1220x1","{890=1, 1090=1, 1100=1, 1220=1} @4300mm (pw=4300, util=100.0%)","false","0","0","0","0.000000000","16","287","0.073786709","1","300","228.466257669","0.013786687","2.515027211",,"232","17551"
"4390|550x1,870x2,1015x1,1080x1","{550=1, 870=2, 1015=1, 1080=1} @4390mm (pw=4385, util=99.9%)","false","0","0","0","0.000000000","1","13","0.000769185","3","215","228.466257669","0.069126378","4.318434566",,"52559","232"
"4300|840x1,1060x1,1080x1,1320x1","{840=1, 1060=1, 1080=1, 1320=1} @4300mm (pw=4300, util=100.0%)","false","0","0","0","0.000000000","5","25","0.004951884","2","300","228.466257669","0.013786687","4.316961546",,"30410","233"
"4390|600x1,840x1,850x1,1000x1,1100x1","{600=1, 840=1, 850=1, 1000=1, 1100=1} @4390mm (pw=4390, util=100.0%)","false","0","0","0","0.000000000","28","339","0.073771603","1","210","228.466257669","0.051370942","2.304939380",,"233","23202"
"4330|550x1,860x1,890x1,1015x2","{550=1, 860=1, 890=1, 1015=2} @4330mm (pw=4330, util=100.0%)","false","0","0","0","0.000000000","2","17","0.001328313","2","270","228.466257669","0.023510746","4.316613254",,"49891","234"
"4360|980x1,1100x1,1130x1,1150x1","{980=1, 1100=1, 1130=1, 1150=1} @4360mm (pw=4360, util=100.0%)","true","0","0","0","0.000000000","23","304","0.073743073","0","240","228.466257669","0.079784630","1.721841614",,"234","40187"
"4310|600x1,760x2,1090x1,1100x1","{600=1, 760=2, 1090=1, 1100=1} @4310mm (pw=4310, util=100.0%)","false","0","0","0","0.000000000","17","295","0.073737670","1","290","228.466257669","0.015991367","2.110767875",,"235","28910"
"4360|780x1,840x1,860x2,1015x1","{780=1, 840=1, 860=2, 1015=1} @4360mm (pw=4355, util=99.9%)","false","0","0","0","0.000000000","5","13","0.001746306","2","245","228.466257669","0.057032890","4.312527594",,"47780","235"
"4330|600x1,760x1,780x1,1090x1,1100x1","{600=1, 760=1, 780=1, 1090=1, 1100=1} @4330mm (pw=4330, util=100.0%)","false","0","0","0","0.000000000","17","295","0.073737670","2","270","228.466257669","0.023510746","2.033352713",,"236","31186"
"4380|840x1,1015x1,1260x2","{840=1, 1015=1, 1260=2} @4380mm (pw=4375, util=99.9%)","false","0","0","0","0.000000000","7","25","0.006787458","1","225","228.466257669","0.223901099","4.309378554",,"25650","236"
"4330|1010x1,1015x1,1080x1,1220x1","{1010=1, 1015=1, 1080=1, 1220=1} @4330mm (pw=4325, util=99.9%)","false","0","0","0","0.000000000","1","4","0.001305057","3","275","228.466257669","0.021037687","4.306216596",,"50258","237"
"4390|1010x1,1090x1,1100x1,1190x1","{1010=1, 1090=1, 1100=1, 1190=1} @4390mm (pw=4390, util=100.0%)","false","0","0","0","0.000000000","16","287","0.073713179","1","210","228.466257669","0.051370942","1.319206710",,"237","48858"
"4390|600x1,760x1,1000x1,1015x2","{600=1, 760=1, 1000=1, 1015=2} @4390mm (pw=4390, util=100.0%)","false","0","0","0","0.000000000","10","41","0.007141953","2","210","228.466257669","0.051370942","4.306108383",,"24946","238"
"4400|1015x1,1090x1,1100x1,1190x1","{1015=1, 1090=1, 1100=1, 1190=1} @4400mm (pw=4395, util=99.9%)","false","0","0","0","0.000000000","16","287","0.073713179","1","205","228.466257669","0.040872618","2.554218011",,"238","16623"
"4360|1015x2,1140x1,1190x1","{1015=2, 1140=1, 1190=1} @4360mm (pw=4360, util=100.0%)","false","0","0","0","0.000000000","3","10","0.002907973","1","240","228.466257669","0.079784630","4.303678221",,"40143","239"
"4400|1020x1,1090x1,1100x1,1190x1","{1020=1, 1090=1, 1100=1, 1190=1} @4400mm (pw=4400, util=100.0%)","false","0","0","0","0.000000000","16","287","0.073713179","1","200","228.466257669","0.033937123","1.255088530",,"239","49860"
"4340|960x1,1090x1,1100x1,1190x1","{960=1, 1090=1, 1100=1, 1190=1} @4340mm (pw=4340, util=100.0%)","false","0","0","0","0.000000000","16","287","0.073713179","1","260","228.466257669","0.030737318","1.468937593",,"240","46188"
"4370|950x1,1015x1,1140x1,1260x1","{950=1, 1015=1, 1140=1, 1260=1} @4370mm (pw=4365, util=99.9%)","false","0","0","0","0.000000000","5","22","0.007276726","2","235","228.466257669","0.132736156","4.303001002",,"24634","240"
"4330|950x1,1090x1,1100x1,1190x1","{950=1, 1090=1, 1100=1, 1190=1} @4330mm (pw=4330, util=100.0%)","false","0","0","0","0.000000000","16","287","0.073713179","1","270","228.466257669","0.023510746","1.921747541",,"241","34517"
"4390|1080x2,1090x1,1140x1","{1080=2, 1090=1, 1140=1} @4390mm (pw=4390, util=100.0%)","false","0","0","0","0.000000000","5","77","0.019547073","1","210","228.466257669","0.051370942","4.302732767",,"9068","241"
"4320|940x1,1090x1,1100x1,1190x1","{940=1, 1090=1, 1100=1, 1190=1} @4320mm (pw=4320, util=100.0%)","false","0","0","0","0.000000000","16","287","0.073713179","1","280","228.466257669","0.019035385","1.112530721",,"242","51653"
"4350|780x1,840x2,870x1,1015x1","{780=1, 840=2, 870=1, 1015=1} @4350mm (pw=4345, util=99.9%)","false","0","0","0","0.000000000","4","9","0.001187178","3","255","228.466257669","0.036319073","4.302491965",,"51563","242"
"4330|550x1,780x1,840x1,1080x2","{550=1, 780=1, 840=1, 1080=2} @4330mm (pw=4330, util=100.0%)","false","0","0","0","0.000000000","5","22","0.001956364","2","270","228.466257669","0.023510746","4.301618683",,"46643","243"
"4340|850x1,1100x1,1130x1,1260x1","{850=1, 1100=1, 1130=1, 1260=1} @4340mm (pw=4340, util=100.0%)","true","0","0","0","0.000000000","21","322","0.073673907","0","260","228.466257669","0.030737318","1.936214294",,"243","34075"
"4350|840x1,1090x1,1100x1,1320x1","{840=1, 1090=1, 1100=1, 1320=1} @4350mm (pw=4350, util=100.0%)","false","0","0","0","0.000000000","19","292","0.073668830","1","250","228.466257669","0.044377893","3.046207496",,"244","7016"
"4370|860x1,870x1,1320x2","{860=1, 870=1, 1320=2} @4370mm (pw=4370, util=100.0%)","false","0","0","0","0.000000000","1","4","0.000559128","2","230","228.466257669","0.394673123","4.301504463",,"53863","244"
"4370|600x1,740x1,840x1,1090x1,1100x1","{600=1, 740=1, 840=1, 1090=1, 1100=1} @4370mm (pw=4370, util=100.0%)","false","0","0","0","0.000000000","19","292","0.073668830","2","230","228.466257669","0.394673123","1.938971184",,"245","34005"
"4370|860x1,950x1,1080x1,1480x1","{860=1, 950=1, 1080=1, 1480=1} @4370mm (pw=4370, util=100.0%)","false","0","0","0","0.000000000","2","5","0.001123144","2","230","228.466257669","0.394673123","4.301436304",,"51959","245"
"4370|550x1,1015x1,1320x1,1480x1","{550=1, 1015=1, 1320=1, 1480=1} @4370mm (pw=4365, util=99.9%)","false","0","0","0","0.000000000","2","14","0.001333201","2","235","228.466257669","0.132736156","4.301330943",,"49745","246"
"4380|760x1,1100x1,1240x1,1280x1","{760=1, 1100=1, 1240=1, 1280=1} @4380mm (pw=4380, util=100.0%)","true","0","0","0","0.000000000","20","276","0.073652343","0","220","228.466257669","0.105638367","2.162871929",,"246","27421"
"4350|860x1,1100x1,1150x1,1240x1","{860=1, 1100=1, 1150=1, 1240=1} @4350mm (pw=4350, util=100.0%)","true","0","0","0","0.000000000","20","272","0.073613221","0","250","228.466257669","0.044377893","2.276728766",,"247","24023"
"4370|1015x1,1080x1,1130x1,1140x1","{1015=1, 1080=1, 1130=1, 1140=1} @4370mm (pw=4365, util=99.9%)","false","0","0","0","0.000000000","4","11","0.003051583","2","235","228.466257669","0.132736156","4.300261054",,"39025","247"
"4350|970x1,1015x1,1140x1,1220x1","{970=1, 1015=1, 1140=1, 1220=1} @4350mm (pw=4345, util=99.9%)","false","0","0","0","0.000000000","6","22","0.005241816","1","255","228.466257669","0.036319073","4.297758668",,"29413","248"
"4400|850x1,1100x1,1190x1,1260x1","{850=1, 1100=1, 1190=1, 1260=1} @4400mm (pw=4400, util=100.0%)","true","0","0","0","0.000000000","20","321","0.073530297","0","200","228.466257669","0.033937123","1.920532299",,"248","34544"
"4350|760x1,1100x1,1240x1,1250x1","{760=1, 1100=1, 1240=1, 1250=1} @4350mm (pw=4350, util=100.0%)","true","0","0","0","0.000000000","20","276","0.073521523","0","250","228.466257669","0.044377893","2.236429051",,"249","25183"
"4400|550x1,860x1,890x1,1015x1,1080x1","{550=1, 860=1, 890=1, 1015=1, 1080=1} @4400mm (pw=4395, util=99.9%)","false","0","0","0","0.000000000","2","17","0.001328313","3","205","228.466257669","0.040872618","4.297514092",,"50007","249"
"4340|1050x1,1090x1,1100x2","{1050=1, 1090=1, 1100=2} @4340mm (pw=4340, util=100.0%)","true","0","0","0","0.000000000","16","287","0.073401404","0","260","228.466257669","0.030737318","2.081907955",,"250","29767"
"4360|950x1,1080x2,1250x1","{950=1, 1080=2, 1250=1} @4360mm (pw=4360, util=100.0%)","false","0","0","0","0.000000000","1","6","0.002071823","2","240","228.466257669","0.079784630","4.295006750",,"45858","250"
"4330|1050x1,1090x2,1100x1","{1050=1, 1090=2, 1100=1} @4330mm (pw=4330, util=100.0%)","true","0","0","0","0.000000000","16","287","0.073401404","0","270","228.466257669","0.023510746","2.147923937",,"251","27860"
"4360|760x1,860x3,1015x1","{760=1, 860=3, 1015=1} @4360mm (pw=4355, util=99.9%)","false","0","0","0","0.000000000","3","16","0.001815146","1","245","228.466257669","0.057032890","4.292662502",,"47205","251"
"4320|1050x1,1080x1,1090x1,1100x1","{1050=1, 1080=1, 1090=1, 1100=1} @4320mm (pw=4320, util=100.0%)","false","0","0","0","0.000000000","16","287","0.073401404","1","280","228.466257669","0.019035385","3.165245540",,"252","5513"
"4360|1050x1,1080x2,1150x1","{1050=1, 1080=2, 1150=1} @4360mm (pw=4360, util=100.0%)","false","0","0","0","0.000000000","3","14","0.003780164","1","240","228.466257669","0.079784630","4.292016410",,"34988","252"
"4310|1050x1,1070x1,1090x1,1100x1","{1050=1, 1070=1, 1090=1, 1100=1} @4310mm (pw=4310, util=100.0%)","false","0","0","0","0.000000000","16","287","0.073401404","1","290","228.466257669","0.015991367","2.178022502",,"253","26943"
"4380|1015x2,1090x1,1260x1","{1015=2, 1090=1, 1260=1} @4380mm (pw=4380, util=100.0%)","false","0","0","0","0.000000000","6","87","0.023470907","1","220","228.466257669","0.105638367","4.288448010",,"6107","253"
"4360|970x1,1050x1,1100x1,1240x1","{970=1, 1050=1, 1100=1, 1240=1} @4360mm (pw=4360, util=100.0%)","true","0","0","0","0.000000000","21","274","0.073373745","0","240","228.466257669","0.079784630","2.623888308",,"254","14895"
"4390|1010x1,1080x2,1220x1","{1010=1, 1080=2, 1220=1} @4390mm (pw=4390, util=100.0%)","false","0","0","0","0.000000000","1","4","0.001305057","2","210","228.466257669","0.051370942","4.287117434",,"50122","254"
"4350|550x1,850x2,1000x1,1100x1","{550=1, 850=2, 1000=1, 1100=1} @4350mm (pw=4350, util=100.0%)","true","0","0","0","0.000000000","25","343","0.073353609","0","250","228.466257669","0.044377893","1.488436068",,"255","45780"
"4360|550x1,840x2,1050x1,1080x1","{550=1, 840=2, 1050=1, 1080=1} @4360mm (pw=4360, util=100.0%)","false","0","0","0","0.000000000","6","26","0.002876115","1","240","228.466257669","0.079784630","4.284079901",,"40296","255"
"4350|760x1,840x1,860x1,870x1,1015x1","{760=1, 840=1, 860=1, 870=1, 1015=1} @4350mm (pw=4345, util=99.9%)","false","0","0","0","0.000000000","7","25","0.003002325","2","255","228.466257669","0.036319073","4.282626872",,"39491","256"
"4370|550x1,850x1,870x1,1000x1,1100x1","{550=1, 850=1, 870=1, 1000=1, 1100=1} @4370mm (pw=4370, util=100.0%)","false","0","0","0","0.000000000","25","343","0.073353609","1","230","228.466257669","0.394673123","1.938456184",,"256","34017"
"4350|1015x2,1050x1,1270x1","{1015=2, 1050=1, 1270=1} @4350mm (pw=4350, util=100.0%)","false","0","0","0","0.000000000","2","11","0.003429612","1","250","228.466257669","0.044377893","4.282621937",,"37270","257"
"4390|550x1,850x1,890x1,1000x1,1100x1","{550=1, 850=1, 890=1, 1000=1, 1100=1} @4390mm (pw=4390, util=100.0%)","false","0","0","0","0.000000000","25","343","0.073353609","1","210","228.466257669","0.051370942","1.810219826",,"257","37784"
"4330|550x1,760x1,860x1,1080x2","{550=1, 760=1, 860=1, 1080=2} @4330mm (pw=4330, util=100.0%)","false","0","0","0","0.000000000","4","29","0.002584331","1","270","228.466257669","0.023510746","4.281753591",,"42200","258"
"4400|550x1,850x1,900x1,1000x1,1100x1","{550=1, 850=1, 900=1, 1000=1, 1100=1} @4400mm (pw=4400, util=100.0%)","false","0","0","0","0.000000000","25","343","0.073353609","1","200","228.466257669","0.033937123","1.274974871",,"258","49562"
"4310|840x4,950x1","{840=4, 950=1} @4310mm (pw=4310, util=100.0%)","false","0","0","0","0.000000000","4","9","0.001187178","1","290","228.466257669","0.015991367","4.281526634",,"51320","259"
"4350|970x1,980x1,1100x1,1300x1","{970=1, 980=1, 1100=1, 1300=1} @4350mm (pw=4350, util=100.0%)","true","0","0","0","0.000000000","23","305","0.073293389","0","250","228.466257669","0.044377893","1.897996201",,"259","35223"
"4310|550x1,780x1,950x1,1015x2","{550=1, 780=1, 950=1, 1015=2} @4310mm (pw=4310, util=100.0%)","false","0","0","0","0.000000000","1","13","0.000769185","3","290","228.466257669","0.015991367","4.280956374",,"52896","260"
"4340|600x2,980x1,1060x1,1100x1","{600=2, 980=1, 1060=1, 1100=1} @4340mm (pw=4340, util=100.0%)","false","0","0","0","0.000000000","20","305","0.073272229","1","260","228.466257669","0.030737318","2.060296299",,"260","30384"
"4360|600x1,760x1,970x1,1015x2","{600=1, 760=1, 970=1, 1015=2} @4360mm (pw=4360, util=100.0%)","false","0","0","0","0.000000000","5","24","0.003516331","2","240","228.466257669","0.079784630","4.279557974",,"36598","261"
"4380|550x2,1090x2,1100x1","{550=2, 1090=2, 1100=1} @4380mm (pw=4380, util=100.0%)","true","0","0","0","0.000000000","16","296","0.073250837","0","220","228.466257669","0.105638367","1.404176631",,"261","47442"
"4360|980x1,1015x1,1140x1,1220x1","{980=1, 1015=1, 1140=1, 1220=1} @4360mm (pw=4355, util=99.9%)","false","0","0","0","0.000000000","10","87","0.017878001","1","245","228.466257669","0.057032890","4.279438081",,"11682","262"
"4310|760x1,1015x1,1050x1,1480x1","{760=1, 1015=1, 1050=1, 1480=1} @4310mm (pw=4305, util=99.9%)","false","0","0","0","0.000000000","4","17","0.002739786","1","295","228.466257669","0.014807413","4.277245410",,"41681","263"
"4390|550x4,1090x1,1100x1","{550=4, 1090=1, 1100=1} @4390mm (pw=4390, util=100.0%)","true","0","0","0","0.000000000","16","296","0.073250837","0","210","228.466257669","0.051370942","1.253303147",,"263","49890"
"4350|950x1,1015x1,1060x1,1320x1","{950=1, 1015=1, 1060=1, 1320=1} @4350mm (pw=4345, util=99.9%)","false","0","0","0","0.000000000","1","16","0.003764706","3","255","228.466257669","0.036319073","4.277200075",,"35199","264"
"4370|550x2,1080x1,1090x1,1100x1","{550=2, 1080=1, 1090=1, 1100=1} @4370mm (pw=4370, util=100.0%)","false","0","0","0","0.000000000","16","296","0.073250837","1","230","228.466257669","0.394673123","2.421498235",,"264","19988"
"4350|790x1,1015x1,1220x1,1320x1","{790=1, 1015=1, 1220=1, 1320=1} @4350mm (pw=4345, util=99.9%)","false","0","0","0","0.000000000","2","18","0.002904874","2","255","228.466257669","0.036319073","4.275869547",,"40193","265"
"4360|550x2,1070x1,1090x1,1100x1","{550=2, 1070=1, 1090=1, 1100=1} @4360mm (pw=4360, util=100.0%)","false","0","0","0","0.000000000","16","296","0.073250837","1","240","228.466257669","0.079784630","1.434275197",,"265","46867"
"4320|550x2,1030x1,1090x1,1100x1","{550=2, 1030=1, 1090=1, 1100=1} @4320mm (pw=4320, util=100.0%)","false","0","0","0","0.000000000","16","296","0.073250837","1","280","228.466257669","0.019035385","1.592769950",,"266","43418"
"4370|840x1,890x1,1320x2","{840=1, 890=1, 1320=2} @4370mm (pw=4370, util=100.0%)","false","0","0","0","0.000000000","4","9","0.001187178","2","230","228.466257669","0.394673123","4.270548360",,"51325","266"
"4310|550x2,1020x1,1090x1,1100x1","{550=2, 1020=1, 1090=1, 1100=1} @4310mm (pw=4310, util=100.0%)","false","0","0","0","0.000000000","16","296","0.073250837","1","290","228.466257669","0.015991367","1.141467917",,"267","51324"
"4390|600x1,860x2,1015x1,1050x1","{600=1, 860=2, 1015=1, 1050=1} @4390mm (pw=4385, util=99.9%)","false","0","0","0","0.000000000","2","8","0.001478879","2","215","228.466257669","0.069126378","4.270505609",,"49327","267"
"4310|550x2,1015x1,1090x1,1100x1","{550=2, 1015=1, 1090=1, 1100=1} @4310mm (pw=4305, util=99.9%)","false","0","0","0","0.000000000","16","296","0.073250837","1","295","228.466257669","0.014807413","2.440597397",,"268","19481"
"4380|840x2,1220x1,1480x1","{840=2, 1220=1, 1480=1} @4380mm (pw=4380, util=100.0%)","true","0","0","0","0.000000000","6","14","0.003056251","0","220","228.466257669","0.105638367","4.270254253",,"39005","268"
"4300|550x1,780x2,1090x1,1100x1","{550=1, 780=2, 1090=1, 1100=1} @4300mm (pw=4300, util=100.0%)","false","0","0","0","0.000000000","16","296","0.073250837","1","300","228.466257669","0.013786687","1.794050495",,"269","38244"
"4320|1015x1,1030x1,1050x1,1220x1","{1015=1, 1030=1, 1050=1, 1220=1} @4320mm (pw=4315, util=99.9%)","false","0","0","0","0.000000000","2","8","0.002224809","2","285","228.466257669","0.017381105","4.268952668",,"44760","269"
"4300|550x2,1010x1,1090x1,1100x1","{550=2, 1010=1, 1090=1, 1100=1} @4300mm (pw=4300, util=100.0%)","false","0","0","0","0.000000000","16","296","0.073250837","1","300","228.466257669","0.013786687","1.205586096",,"270","50565"
"4350|1015x1,1050x1,1060x1,1220x1","{1015=1, 1050=1, 1060=1, 1220=1} @4350mm (pw=4345, util=99.9%)","false","0","0","0","0.000000000","3","24","0.005989515","1","255","228.466257669","0.036319073","4.267775814",,"27319","270"
"4320|600x1,1015x1,1220x1,1480x1","{600=1, 1015=1, 1220=1, 1480=1} @4320mm (pw=4315, util=99.9%)","false","0","0","0","0.000000000","2","5","0.001869073","2","285","228.466257669","0.017381105","4.264870212",,"47098","271"
"4370|550x1,600x1,1030x1,1090x1,1100x1","{550=1, 600=1, 1030=1, 1090=1, 1100=1} @4370mm (pw=4370, util=100.0%)","false","0","0","0","0.000000000","16","296","0.073250837","2","230","228.466257669","0.394673123","1.754657006",,"271","39314"
"4320|840x1,1015x1,1220x1,1240x1","{840=1, 1015=1, 1220=1, 1240=1} @4320mm (pw=4315, util=99.9%)","false","0","0","0","0.000000000","10","59","0.018074891","1","285","228.466257669","0.017381105","4.263011150",,"11372","272"
"4370|550x1,740x1,890x1,1090x1,1100x1","{550=1, 740=1, 890=1, 1090=1, 1100=1} @4370mm (pw=4370, util=100.0%)","false","0","0","0","0.000000000","16","296","0.073250837","2","230","228.466257669","0.394673123","1.444251630",,"272","46631"
"4380|550x1,740x1,900x1,1090x1,1100x1","{550=1, 740=1, 900=1, 1090=1, 1100=1} @4380mm (pw=4380, util=100.0%)","false","0","0","0","0.000000000","16","296","0.073250837","2","220","228.466257669","0.105638367","0.909006675",,"273","53211"
"4380|550x1,780x1,950x1,1015x1,1080x1","{550=1, 780=1, 950=1, 1015=1, 1080=1} @4380mm (pw=4375, util=99.9%)","false","0","0","0","0.000000000","1","13","0.000769185","4","225","228.466257669","0.223901099","4.261857212",,"53001","273"
"4360|550x1,600x1,1020x1,1090x1,1100x1","{550=1, 600=1, 1020=1, 1090=1, 1100=1} @4360mm (pw=4360, util=100.0%)","false","0","0","0","0.000000000","16","296","0.073250837","2","240","228.466257669","0.079784630","1.303354972",,"274","49095"
"4370|600x1,760x1,980x1,1015x2","{600=1, 760=1, 980=1, 1015=2} @4370mm (pw=4370, util=100.0%)","false","0","0","0","0.000000000","9","89","0.016152517","2","230","228.466257669","0.394673123","4.261237388",,"14798","274"
"4350|950x1,1000x1,1080x1,1320x1","{950=1, 1000=1, 1080=1, 1320=1} @4350mm (pw=4350, util=100.0%)","false","0","0","0","0.000000000","8","29","0.005885935","3","250","228.466257669","0.044377893","4.260484534",,"27652","275"
"4360|550x1,600x1,1015x1,1090x1,1100x1","{550=1, 600=1, 1015=1, 1090=1, 1100=1} @4360mm (pw=4355, util=99.9%)","false","0","0","0","0.000000000","16","296","0.073250837","2","245","228.466257669","0.057032890","2.602484453",,"275","15442"
"4380|600x1,840x1,870x1,1015x1,1050x1","{600=1, 840=1, 870=1, 1015=1, 1050=1} @4380mm (pw=4375, util=99.9%)","false","0","0","0","0.000000000","5","13","0.002106930","3","225","228.466257669","0.223901099","4.260469979",,"45627","276"
"4390|550x1,740x1,910x1,1090x1,1100x1","{550=1, 740=1, 910=1, 1090=1, 1100=1} @4390mm (pw=4390, util=100.0%)","false","0","0","0","0.000000000","16","296","0.073250837","2","210","228.466257669","0.051370942","0.909006675",,"276","53212"
"4360|550x1,600x1,1050x1,1080x2","{550=1, 600=1, 1050=1, 1080=2} @4360mm (pw=4360, util=100.0%)","false","0","0","0","0.000000000","2","17","0.001688937","2","240","228.466257669","0.079784630","4.259596698",,"47951","277"
"4390|550x1,780x1,870x1,1090x1,1100x1","{550=1, 780=1, 870=1, 1090=1, 1100=1} @4390mm (pw=4390, util=100.0%)","false","0","0","0","0.000000000","16","296","0.073250837","2","210","228.466257669","0.051370942","1.996363355",,"277","32305"
"4350|550x1,600x1,1010x1,1090x1,1100x1","{550=1, 600=1, 1010=1, 1090=1, 1100=1} @4350mm (pw=4350, util=100.0%)","false","0","0","0","0.000000000","16","296","0.073250837","2","250","228.466257669","0.044377893","1.367473152",,"278","48073"
"4390|840x3,850x1,1015x1","{840=3, 850=1, 1015=1} @4390mm (pw=4385, util=99.9%)","false","0","0","0","0.000000000","8","98","0.013274643","1","215","228.466257669","0.069126378","4.259380848",,"19274","278"
"4350|550x1,740x1,870x1,1090x1,1100x1","{550=1, 740=1, 870=1, 1090=1, 1100=1} @4350mm (pw=4350, util=100.0%)","false","0","0","0","0.000000000","16","296","0.073250837","2","250","228.466257669","0.044377893","1.572487989",,"279","43892"
"4370|760x1,1050x1,1080x1,1480x1","{760=1, 1050=1, 1080=1, 1480=1} @4370mm (pw=4370, util=100.0%)","false","0","0","0","0.000000000","4","17","0.002739786","1","230","228.466257669","0.394673123","4.258146248",,"41677","279"
"4300|550x1,600x1,960x1,1090x1,1100x1","{550=1, 600=1, 960=1, 1090=1, 1100=1} @4300mm (pw=4300, util=100.0%)","false","0","0","0","0.000000000","16","296","0.073250837","2","300","228.466257669","0.013786687","1.517204035",,"280","45137"
"4310|600x1,840x2,950x1,1080x1","{600=1, 840=2, 950=1, 1080=1} @4310mm (pw=4310, util=100.0%)","false","0","0","0","0.000000000","4","9","0.001187178","3","290","228.466257669","0.015991367","4.257043431",,"51657","280"
"4310|840x1,1100x1,1125x1,1240x1","{840=1, 1100=1, 1125=1, 1240=1} @4310mm (pw=4305, util=99.9%)","true","0","0","0","0.000000000","22","273","0.073138329","0","295","228.466257669","0.014807413","2.153318620",,"281","27707"
"4340|1015x1,1080x1,1100x1,1140x1","{1015=1, 1080=1, 1100=1, 1140=1} @4340mm (pw=4335, util=99.9%)","false","0","0","0","0.000000000","14","218","0.056287471","2","265","228.466257669","0.026642694","4.255815947",,"2861","281"
"4330|550x2,980x1,1100x1,1150x1","{550=2, 980=1, 1100=1, 1150=1} @4330mm (pw=4330, util=100.0%)","true","0","0","0","0.000000000","22","312","0.073137121","0","270","228.466257669","0.023510746","1.592539006",,"282","43420"
"4370|860x1,1050x1,1140x1,1320x1","{860=1, 1050=1, 1140=1, 1320=1} @4370mm (pw=4370, util=100.0%)","false","0","0","0","0.000000000","4","14","0.003155325","1","230","228.466257669","0.394673123","4.254840507",,"38604","282"
"4320|600x1,840x1,850x1,1015x2","{600=1, 840=1, 850=1, 1015=2} @4320mm (pw=4320, util=100.0%)","false","0","0","0","0.000000000","8","98","0.013274643","2","280","228.466257669","0.019035385","4.253996807",,"19370","283"
"4380|550x1,600x1,980x1,1100x1,1150x1","{550=1, 600=1, 980=1, 1100=1, 1150=1} @4380mm (pw=4380, util=100.0%)","false","0","0","0","0.000000000","22","312","0.073137121","1","220","228.466257669","0.105638367","1.754426062",,"283","39320"
"4350|760x1,840x2,890x1,1015x1","{760=1, 840=2, 890=1, 1015=1} @4350mm (pw=4345, util=99.9%)","false","0","0","0","0.000000000","6","21","0.002443197","2","255","228.466257669","0.036319073","4.251670769",,"43384","284"
"4350|960x1,1090x1,1100x1,1200x1","{960=1, 1090=1, 1100=1, 1200=1} @4350mm (pw=4350, util=100.0%)","false","0","0","0","0.000000000","16","285","0.073108415","1","250","228.466257669","0.044377893","1.393724730",,"284","47616"
"4350|1000x1,1050x1,1080x1,1220x1","{1000=1, 1050=1, 1080=1, 1220=1} @4350mm (pw=4350, util=100.0%)","false","0","0","0","0.000000000","10","37","0.008110743","1","250","228.466257669","0.044377893","4.251060274",,"23236","285"
"4400|1010x1,1090x1,1100x1,1200x1","{1010=1, 1090=1, 1100=1, 1200=1} @4400mm (pw=4400, util=100.0%)","false","0","0","0","0.000000000","16","285","0.073108415","1","200","228.466257669","0.033937123","1.243993847",,"285","50033"
"4340|950x1,1090x1,1100x1,1200x1","{950=1, 1090=1, 1100=1, 1200=1} @4340mm (pw=4340, util=100.0%)","false","0","0","0","0.000000000","16","285","0.073108415","1","260","228.466257669","0.030737318","1.846534678",,"286","36741"
"4390|740x1,780x1,840x1,1015x2","{740=1, 780=1, 840=1, 1015=2} @4390mm (pw=4390, util=100.0%)","false","0","0","0","0.000000000","4","9","0.001187178","3","210","228.466257669","0.051370942","4.249913575",,"51516","286"
"4330|940x1,1090x1,1100x1,1200x1","{940=1, 1090=1, 1100=1, 1200=1} @4330mm (pw=4330, util=100.0%)","false","0","0","0","0.000000000","16","285","0.073108415","1","270","228.466257669","0.023510746","1.037317858",,"287","52385"
"4380|1030x1,1050x1,1080x1,1220x1","{1030=1, 1050=1, 1080=1, 1220=1} @4380mm (pw=4380, util=100.0%)","false","0","0","0","0.000000000","2","8","0.002224809","2","220","228.466257669","0.105638367","4.249853506",,"44749","287"
"4300|910x1,1090x1,1100x1,1200x1","{910=1, 1090=1, 1100=1, 1200=1} @4300mm (pw=4300, util=100.0%)","false","0","0","0","0.000000000","16","285","0.073108415","1","300","228.466257669","0.013786687","1.037317858",,"288","52386"
"4350|860x1,950x1,1220x1,1320x1","{860=1, 950=1, 1220=1, 1320=1} @4350mm (pw=4350, util=100.0%)","false","0","0","0","0.000000000","2","8","0.001864185","2","250","228.466257669","0.044377893","4.248892183",,"47113","288"
"4300|1050x1,1080x2,1090x1","{1050=1, 1080=2, 1090=1} @4300mm (pw=4300, util=100.0%)","false","0","0","0","0.000000000","4","75","0.018790378","1","300","228.466257669","0.013786687","4.248583126",,"10171","289"
"4350|790x1,1100x1,1220x1,1240x1","{790=1, 1100=1, 1220=1, 1240=1} @4350mm (pw=4350, util=100.0%)","true","0","0","0","0.000000000","19","276","0.073098555","0","250","228.466257669","0.044377893","2.457801041",,"289","19004"
"4310|550x2,850x1,1100x1,1260x1","{550=2, 850=1, 1100=1, 1260=1} @4310mm (pw=4310, util=100.0%)","true","0","0","0","0.000000000","20","330","0.073067955","0","290","228.466257669","0.015991367","1.806911685",,"290","37868"
"4380|600x1,1080x1,1220x1,1480x1","{600=1, 1080=1, 1220=1, 1480=1} @4380mm (pw=4380, util=100.0%)","false","0","0","0","0.000000000","2","5","0.001869073","2","220","228.466257669","0.105638367","4.245771050",,"47086","290"
"4340|860x1,1080x1,1140x1,1260x1","{860=1, 1080=1, 1140=1, 1260=1} @4340mm (pw=4340, util=100.0%)","false","0","0","0","0.000000000","6","26","0.007835854","1","260","228.466257669","0.030737318","4.245482218",,"23766","291"
"4360|550x1,600x1,850x1,1100x1,1260x1","{550=1, 600=1, 850=1, 1100=1, 1260=1} @4360mm (pw=4360, util=100.0%)","false","0","0","0","0.000000000","20","330","0.073067955","1","240","228.466257669","0.079784630","1.968798741",,"291","33124"
"4320|840x1,1100x1,1140x1,1240x1","{840=1, 1100=1, 1140=1, 1240=1} @4320mm (pw=4320, util=100.0%)","true","0","0","0","0.000000000","23","273","0.073057305","0","280","228.466257669","0.019035385","2.977599200",,"292","8067"
"4330|890x1,1080x1,1140x1,1220x1","{890=1, 1080=1, 1140=1, 1220=1} @4330mm (pw=4330, util=100.0%)","false","0","0","0","0.000000000","3","10","0.002981503","2","270","228.466257669","0.023510746","4.245388259",,"39658","292"
"4380|840x1,1080x1,1220x1,1240x1","{840=1, 1080=1, 1220=1, 1240=1} @4380mm (pw=4380, util=100.0%)","false","0","0","0","0.000000000","10","59","0.018074891","1","220","228.466257669","0.105638367","4.243911988",,"11369","293"
"4380|890x1,1100x1,1150x1,1240x1","{890=1, 1100=1, 1150=1, 1240=1} @4380mm (pw=4380, util=100.0%)","false","0","0","0","0.000000000","19","268","0.073054093","1","220","228.466257669","0.105638367","2.041176523",,"293","30962"
"4340|1015x1,1020x1,1080x1,1220x1","{1015=1, 1020=1, 1080=1, 1220=1} @4340mm (pw=4335, util=99.9%)","false","0","0","0","0.000000000","1","4","0.001305057","3","265","228.466257669","0.026642694","4.242098416",,"50244","294"
"4360|870x1,1100x1,1150x1,1240x1","{870=1, 1100=1, 1150=1, 1240=1} @4360mm (pw=4360, util=100.0%)","false","0","0","0","0.000000000","19","268","0.073054093","1","240","228.466257669","0.079784630","2.169412882",,"294","27235"
"4330|950x1,1015x1,1080x1,1280x1","{950=1, 1015=1, 1080=1, 1280=1} @4330mm (pw=4325, util=99.9%)","false","0","0","0","0.000000000","1","6","0.002202643","3","275","228.466257669","0.021037687","4.240548790",,"44925","295"
"4390|900x1,1100x1,1150x1,1240x1","{900=1, 1100=1, 1150=1, 1240=1} @4390mm (pw=4390, util=100.0%)","false","0","0","0","0.000000000","19","268","0.073054093","1","210","228.466257669","0.051370942","1.505931568",,"295","45372"
"4350|860x1,1050x1,1220x2","{860=1, 1050=1, 1220=2} @4350mm (pw=4350, util=100.0%)","true","0","0","0","0.000000000","3","12","0.002783937","0","250","228.466257669","0.044377893","4.239467922",,"41539","296"
"4400|910x1,1100x1,1150x1,1240x1","{910=1, 1100=1, 1150=1, 1240=1} @4400mm (pw=4400, util=100.0%)","false","0","0","0","0.000000000","19","268","0.073054093","1","200","228.466257669","0.033937123","1.505931568",,"296","45373"
"4370|860x1,1090x1,1100x1,1320x1","{860=1, 1090=1, 1100=1, 1320=1} @4370mm (pw=4370, util=100.0%)","false","0","0","0","0.000000000","16","287","0.073040780","1","230","228.466257669","0.394673123","2.948927241",,"297","8509"
"4370|950x1,1050x2,1320x1","{950=1, 1050=2, 1320=1} @4370mm (pw=4370, util=100.0%)","false","0","0","0","0.000000000","1","4","0.000919752","2","230","228.466257669","0.394673123","4.239110488",,"51991","297"
"4390|600x1,740x1,860x1,1090x1,1100x1","{600=1, 740=1, 860=1, 1090=1, 1100=1} @4390mm (pw=4390, util=100.0%)","false","0","0","0","0.000000000","16","287","0.073040780","2","210","228.466257669","0.051370942","1.841690929",,"298","36886"
"4400|1080x2,1100x1,1140x1","{1080=2, 1100=1, 1140=1} @4400mm (pw=4400, util=100.0%)","false","0","0","0","0.000000000","14","218","0.056287471","1","200","228.466257669","0.033937123","4.236716785",,"2844","298"
"4320|790x1,1100x1,1190x1,1240x1","{790=1, 1100=1, 1190=1, 1240=1} @4320mm (pw=4320, util=100.0%)","true","0","0","0","0.000000000","19","276","0.073025025","0","280","228.466257669","0.019035385","1.590549506",,"299","43475"
"4380|550x1,840x1,960x1,1015x2","{550=1, 840=1, 960=1, 1015=2} @4380mm (pw=4380, util=100.0%)","false","0","0","0","0.000000000","5","22","0.001956364","2","220","228.466257669","0.105638367","4.235055426",,"46585","299"
"4390|600x1,840x1,850x1,1015x1,1080x1","{600=1, 840=1, 850=1, 1015=1, 1080=1} @4390mm (pw=4385, util=99.9%)","false","0","0","0","0.000000000","8","98","0.013274643","3","215","228.466257669","0.069126378","4.234897644",,"19406","300"
"4400|760x1,1100x1,1240x1,1300x1","{760=1, 1100=1, 1240=1, 1300=1} @4400mm (pw=4400, util=100.0%)","true","0","0","0","0.000000000","20","274","0.072975253","0","200","228.466257669","0.033937123","2.035849217",,"300","31126"
"4320|950x1,970x1,1080x1,1320x1","{950=1, 970=1, 1080=1, 1320=1} @4320mm (pw=4320, util=100.0%)","false","0","0","0","0.000000000","3","12","0.002260313","3","280","228.466257669","0.019035385","4.233934125",,"44415","301"
"4350|980x1,1100x1,1125x1,1140x1","{980=1, 1100=1, 1125=1, 1140=1} @4350mm (pw=4345, util=99.9%)","true","0","0","0","0.000000000","22","301","0.072941439","0","255","228.466257669","0.036319073","2.169745551",,"301","27216"
"4340|1015x1,1050x1,1080x1,1190x1","{1015=1, 1050=1, 1080=1, 1190=1} @4340mm (pw=4335, util=99.9%)","false","0","0","0","0.000000000","2","8","0.002151279","2","265","228.466257669","0.026642694","4.230429418",,"45398","302"
"4400|980x1,1050x1,1100x1,1270x1","{980=1, 1050=1, 1100=1, 1270=1} @4400mm (pw=4400, util=100.0%)","true","0","0","0","0.000000000","21","300","0.072937135","0","200","228.466257669","0.033937123","2.288693514",,"302","23695"
"4350|550x1,790x1,850x1,1060x1,1100x1","{550=1, 790=1, 850=1, 1060=1, 1100=1} @4350mm (pw=4350, util=100.0%)","true","0","0","0","0.000000000","19","344","0.072832198","0","250","228.466257669","0.044377893","1.437895341",,"303","46783"
"4390|740x1,760x1,860x1,1015x2","{740=1, 760=1, 860=1, 1015=2} @4390mm (pw=4390, util=100.0%)","false","0","0","0","0.000000000","3","16","0.001815146","2","210","228.466257669","0.051370942","4.230048483",,"47249","303"
"4310|840x1,1100x1,1130x1,1240x1","{840=1, 1100=1, 1130=1, 1240=1} @4310mm (pw=4310, util=100.0%)","true","0","0","0","0.000000000","23","272","0.072755997","0","290","228.466257669","0.015991367","2.309004862",,"304","23086"
"4350|960x1,1015x1,1050x1,1320x1","{960=1, 1015=1, 1050=1, 1320=1} @4350mm (pw=4345, util=99.9%)","false","0","0","0","0.000000000","1","4","0.000919752","3","255","228.466257669","0.036319073","4.229847484",,"52086","304"
"4320|760x1,1100x1,1220x1,1240x1","{760=1, 1100=1, 1220=1, 1240=1} @4320mm (pw=4320, util=100.0%)","true","0","0","0","0.000000000","20","274","0.072754757","0","280","228.466257669","0.019035385","2.831080565",,"305","10507"
"4340|950x1,1050x1,1080x1,1260x1","{950=1, 1050=1, 1080=1, 1260=1} @4340mm (pw=4340, util=100.0%)","false","0","0","0","0.000000000","4","20","0.006520032","2","260","228.466257669","0.030737318","4.229752199",,"26270","305"
"4370|1050x3,1220x1","{1050=3, 1220=1} @4370mm (pw=4370, util=100.0%)","true","0","0","0","0.000000000","2","8","0.002224809","0","230","228.466257669","0.394673123","4.229686227",,"44730","306"
"4390|780x1,1100x1,1240x1,1270x1","{780=1, 1100=1, 1240=1, 1270=1} @4390mm (pw=4390, util=100.0%)","false","0","0","0","0.000000000","18","265","0.072703541","1","210","228.466257669","0.051370942","1.919507224",,"306","34572"
"4350|740x1,1100x1,1240x1,1270x1","{740=1, 1100=1, 1240=1, 1270=1} @4350mm (pw=4350, util=100.0%)","false","0","0","0","0.000000000","18","265","0.072703541","1","250","228.466257669","0.044377893","1.495631858",,"307","45634"
"4370|1015x2,1140x1,1200x1","{1015=2, 1140=1, 1200=1} @4370mm (pw=4370, util=100.0%)","false","0","0","0","0.000000000","3","8","0.002303209","1","230","228.466257669","0.394673123","4.228465358",,"44041","307"
"4350|600x1,760x1,890x1,1015x1,1080x1","{600=1, 760=1, 890=1, 1015=1, 1080=1} @4350mm (pw=4345, util=99.9%)","false","0","0","0","0.000000000","2","12","0.001256018","4","255","228.466257669","0.036319073","4.227187565",,"50948","308"
"4400|840x1,1100x1,1220x1,1240x1","{840=1, 1100=1, 1220=1, 1240=1} @4400mm (pw=4400, util=100.0%)","true","0","0","0","0.000000000","22","271","0.072685917","0","200","228.466257669","0.033937123","3.160574402",,"308","5555"
"4340|1050x1,1080x2,1130x1","{1050=1, 1080=2, 1130=1} @4340mm (pw=4340, util=100.0%)","false","0","0","0","0.000000000","3","9","0.002294889","1","260","228.466257669","0.030737318","4.227012251",,"44085","309"
"4340|980x1,1100x1,1125x1,1130x1","{980=1, 1100=1, 1125=1, 1130=1} @4340mm (pw=4335, util=99.9%)","true","0","0","0","0.000000000","22","300","0.072640130","0","265","228.466257669","0.026642694","1.501151213",,"309","45509"
"4320|970x1,1050x1,1080x1,1220x1","{970=1, 1050=1, 1080=1, 1220=1} @4320mm (pw=4320, util=100.0%)","false","0","0","0","0.000000000","5","20","0.004485121","1","280","228.466257669","0.019035385","4.224509865",,"32006","310"
"4370|840x1,1100x1,1190x1,1240x1","{840=1, 1100=1, 1190=1, 1240=1} @4370mm (pw=4370, util=100.0%)","true","0","0","0","0.000000000","22","271","0.072612387","0","230","228.466257669","0.394673123","2.293322867",,"310","23570"
"4400|600x1,850x2,1000x1,1100x1","{600=1, 850=2, 1000=1, 1100=1} @4400mm (pw=4400, util=100.0%)","false","0","0","0","0.000000000","24","330","0.072584424","1","200","228.466257669","0.033937123","1.650323124",,"311","41987"
"4400|600x2,860x1,1015x1,1320x1","{600=2, 860=1, 1015=1, 1320=1} @4400mm (pw=4395, util=99.9%)","false","0","0","0","0.000000000","1","4","0.000559128","3","205","228.466257669","0.040872618","4.224264616",,"54060","311"
"4330|600x1,780x1,850x1,1000x1,1100x1","{600=1, 780=1, 850=1, 1000=1, 1100=1} @4330mm (pw=4330, util=100.0%)","false","0","0","0","0.000000000","24","330","0.072584424","2","270","228.466257669","0.023510746","1.898030380",,"312","35221"
"4400|1020x1,1080x2,1220x1","{1020=1, 1080=2, 1220=1} @4400mm (pw=4400, util=100.0%)","false","0","0","0","0.000000000","1","4","0.001305057","2","200","228.466257669","0.033937123","4.222999254",,"50135","312"
"4350|980x1,1100x1,1130x1,1140x1","{980=1, 1100=1, 1130=1, 1140=1} @4350mm (pw=4350, util=100.0%)","true","0","0","0","0.000000000","23","300","0.072559107","0","250","228.466257669","0.044377893","2.325431793",,"313","22633"
"4390|1015x2,1100x1,1260x1","{1015=2, 1100=1, 1260=1} @4390mm (pw=4390, util=100.0%)","false","0","0","0","0.000000000","15","228","0.060211305","1","210","228.466257669","0.051370942","4.222432028",,"1326","313"
"4380|550x1,780x1,970x1,980x1,1100x1","{550=1, 780=1, 970=1, 980=1, 1100=1} @4380mm (pw=4380, util=100.0%)","false","0","0","0","0.000000000","23","314","0.072537022","1","220","228.466257669","0.105638367","2.046327334",,"314","30804"
"4390|950x1,1080x2,1280x1","{950=1, 1080=2, 1280=1} @4390mm (pw=4390, util=100.0%)","false","0","0","0","0.000000000","1","6","0.002202643","2","210","228.466257669","0.051370942","4.221449628",,"44806","314"
"4320|960x1,1015x1,1080x1,1260x1","{960=1, 1015=1, 1080=1, 1260=1} @4320mm (pw=4315, util=99.9%)","false","0","0","0","0.000000000","3","16","0.005600280","3","285","228.466257669","0.017381105","4.220489195",,"28549","315"
"4340|550x1,740x1,970x1,980x1,1100x1","{550=1, 740=1, 970=1, 980=1, 1100=1} @4340mm (pw=4340, util=100.0%)","false","0","0","0","0.000000000","23","314","0.072537022","1","260","228.466257669","0.030737318","1.622451968",,"315","42678"
"4320|860x1,1060x1,1080x1,1320x1","{860=1, 1060=1, 1080=1, 1320=1} @4320mm (pw=4320, util=100.0%)","false","0","0","0","0.000000000","2","20","0.004323834","2","280","228.466257669","0.019035385","4.219681291",,"32596","316"
"4330|860x1,1100x1,1125x1,1240x1","{860=1, 1100=1, 1125=1, 1240=1} @4330mm (pw=4325, util=99.9%)","true","0","0","0","0.000000000","19","268","0.072510278","0","275","228.466257669","0.021037687","2.056038365",,"316","30514"
"4360|600x1,840x1,950x2,1015x1","{600=1, 840=1, 950=2, 1015=1} @4360mm (pw=4355, util=99.9%)","false","0","0","0","0.000000000","4","9","0.001187178","3","245","228.466257669","0.057032890","4.217281959",,"51505","317"
"4380|980x1,1050x1,1100x1,1250x1","{980=1, 1050=1, 1100=1, 1250=1} @4380mm (pw=4380, util=100.0%)","true","0","0","0","0.000000000","21","299","0.072499098","0","220","228.466257669","0.105638367","2.528200178",,"317","17209"
"4330|950x1,980x1,1080x1,1320x1","{950=1, 980=1, 1080=1, 1320=1} @4330mm (pw=4330, util=100.0%)","false","0","0","0","0.000000000","7","77","0.014896498","3","270","228.466257669","0.023510746","4.215613539",,"17071","318"
"4400|980x1,1100x1,1125x1,1190x1","{980=1, 1100=1, 1125=1, 1190=1} @4400mm (pw=4395, util=99.9%)","true","0","0","0","0.000000000","21","299","0.072496520","0","205","228.466257669","0.040872618","1.485469218",,"318","45844"
"4320|550x1,760x1,850x1,1060x1,1100x1","{550=1, 760=1, 850=1, 1060=1, 1100=1} @4320mm (pw=4320, util=100.0%)","true","0","0","0","0.000000000","20","342","0.072488399","0","280","228.466257669","0.019035385","1.811174865",,"319","37759"
"4380|780x1,860x3,1015x1","{780=1, 860=3, 1015=1} @4380mm (pw=4375, util=99.9%)","false","0","0","0","0.000000000","1","4","0.000559128","2","225","228.466257669","0.223901099","4.215247339",,"53868","319"
"4350|760x1,950x1,1320x2","{760=1, 950=1, 1320=2} @4350mm (pw=4350, util=100.0%)","false","0","0","0","0.000000000","2","12","0.001256018","2","250","228.466257669","0.044377893","4.215026388",,"50372","320"
"4320|870x1,950x1,1015x1,1480x1","{870=1, 950=1, 1015=1, 1480=1} @4320mm (pw=4315, util=99.9%)","false","0","0","0","0.000000000","1","1","0.000564016","3","285","228.466257669","0.017381105","4.213219581",,"53819","321"
"4400|860x1,1015x1,1260x2","{860=1, 1015=1, 1260=2} @4400mm (pw=4395, util=99.9%)","false","0","0","0","0.000000000","4","20","0.006159408","1","205","228.466257669","0.040872618","4.212098299",,"27012","322"
"4370|1080x1,1090x1,1100x2","{1080=1, 1090=1, 1100=2} @4370mm (pw=4370, util=100.0%)","false","0","0","0","0.000000000","15","283","0.072481652","1","230","228.466257669","0.394673123","2.506355737",,"323","17768"
"4390|890x1,1015x1,1220x1,1260x1","{890=1, 1015=1, 1220=1, 1260=1} @4390mm (pw=4385, util=99.9%)","false","0","0","0","0.000000000","4","20","0.006905337","2","215","228.466257669","0.069126378","4.212004339",,"25409","323"
"4360|1070x1,1090x1,1100x2","{1070=1, 1090=1, 1100=2} @4360mm (pw=4360, util=100.0%)","false","0","0","0","0.000000000","15","283","0.072481652","1","240","228.466257669","0.079784630","1.519132698",,"324","45099"
"4400|1050x1,1080x2,1190x1","{1050=1, 1080=2, 1190=1} @4400mm (pw=4400, util=100.0%)","false","0","0","0","0.000000000","2","8","0.002151279","1","200","228.466257669","0.033937123","4.211330256",,"45377","324"
"4330|790x1,840x3,1015x1","{790=1, 840=3, 1015=1} @4330mm (pw=4325, util=99.9%)","false","0","0","0","0.000000000","5","23","0.002786996","1","275","228.466257669","0.021037687","4.211223743",,"41310","325"
"4360|1080x1,1090x2,1100x1","{1080=1, 1090=2, 1100=1} @4360mm (pw=4360, util=100.0%)","false","0","0","0","0.000000000","15","283","0.072481652","1","240","228.466257669","0.079784630","2.572371719",,"325","16175"
"4350|1070x1,1090x2,1100x1","{1070=1, 1090=2, 1100=1} @4350mm (pw=4350, util=100.0%)","false","0","0","0","0.000000000","15","283","0.072481652","1","250","228.466257669","0.044377893","1.585148681",,"326","43597"
"4390|550x1,760x1,840x1,1015x1,1220x1","{550=1, 760=1, 840=1, 1015=1, 1220=1} @4390mm (pw=4385, util=99.9%)","false","0","0","0","0.000000000","8","38","0.004517439","1","215","228.466257669","0.069126378","4.210810069",,"31942","326"
"4340|550x1,870x1,890x1,1015x2","{550=1, 870=1, 890=1, 1015=2} @4340mm (pw=4340, util=100.0%)","false","0","0","0","0.000000000","1","13","0.000769185","3","260","228.466257669","0.030737318","4.209297369",,"52744","327"
"4350|1080x2,1090x1,1100x1","{1080=2, 1090=1, 1100=1} @4350mm (pw=4350, util=100.0%)","false","0","0","0","0.000000000","15","283","0.072481652","1","250","228.466257669","0.044377893","3.589693322",,"327","2061"
"4330|1070x2,1090x1,1100x1","{1070=2, 1090=1, 1100=1} @4330mm (pw=4330, util=100.0%)","false","0","0","0","0.000000000","15","283","0.072481652","1","270","228.466257669","0.023510746","1.615247246",,"328","42856"
"4380|600x1,1140x1,1320x2","{600=1, 1140=1, 1320=2} @4380mm (pw=4380, util=100.0%)","false","0","0","0","0.000000000","2","6","0.001676446","2","220","228.466257669","0.105638367","4.208599514",,"48151","328"
"4320|1030x1,1090x1,1100x2","{1030=1, 1090=1, 1100=2} @4320mm (pw=4320, util=100.0%)","false","0","0","0","0.000000000","15","283","0.072481652","1","280","228.466257669","0.019035385","1.677627452",,"329","41295"
"4340|840x1,1140x2,1220x1","{840=1, 1140=2, 1220=1} @4340mm (pw=4340, util=100.0%)","true","0","0","0","0.000000000","7","19","0.004168682","0","260","228.466257669","0.030737318","4.207922616",,"33287","329"
"4310|1020x1,1090x1,1100x2","{1020=1, 1090=1, 1100=2} @4310mm (pw=4310, util=100.0%)","false","0","0","0","0.000000000","15","283","0.072481652","1","290","228.466257669","0.015991367","1.226325418",,"330","50273"
"4330|980x1,1050x1,1080x1,1220x1","{980=1, 1050=1, 1080=1, 1220=1} @4330mm (pw=4330, util=100.0%)","false","0","0","0","0.000000000","9","85","0.017121307","1","270","228.466257669","0.023510746","4.206189278",,"13097","330"
"4310|1030x1,1090x2,1100x1","{1030=1, 1090=2, 1100=1} @4310mm (pw=4310, util=100.0%)","false","0","0","0","0.000000000","15","283","0.072481652","1","290","228.466257669","0.015991367","1.743643434",,"331","39611"
"4320|550x1,840x1,860x1,1015x1,1050x1","{550=1, 840=1, 860=1, 1015=1, 1050=1} @4320mm (pw=4315, util=99.9%)","false","0","0","0","0.000000000","7","30","0.003435243","1","285","228.466257669","0.017381105","4.205898808",,"37193","331"
"4310|1015x1,1090x1,1100x2","{1015=1, 1090=1, 1100=2} @4310mm (pw=4305, util=99.9%)","false","0","0","0","0.000000000","15","283","0.072481652","1","295","228.466257669","0.014807413","2.525454899",,"332","17289"
"4350|760x1,1050x1,1220x1,1320x1","{760=1, 1050=1, 1220=1, 1320=1} @4350mm (pw=4350, util=100.0%)","false","0","0","0","0.000000000","4","20","0.003480827","1","250","228.466257669","0.044377893","4.205602127",,"36918","332"
"4300|1010x1,1090x1,1100x2","{1010=1, 1090=1, 1100=2} @4300mm (pw=4300, util=100.0%)","false","0","0","0","0.000000000","15","283","0.072481652","1","300","228.466257669","0.013786687","1.290443598",,"333","49288"
"4370|780x1,840x1,860x1,870x1,1015x1","{780=1, 840=1, 860=1, 870=1, 1015=1} @4370mm (pw=4365, util=99.9%)","false","0","0","0","0.000000000","5","13","0.001746306","3","235","228.466257669","0.132736156","4.205211710",,"47842","333"
"4300|1020x1,1090x2,1100x1","{1020=1, 1090=2, 1100=1} @4300mm (pw=4300, util=100.0%)","false","0","0","0","0.000000000","15","283","0.072481652","1","300","228.466257669","0.013786687","1.292341401",,"334","49241"
"4350|550x1,780x1,860x1,1080x2","{550=1, 780=1, 860=1, 1080=2} @4350mm (pw=4350, util=100.0%)","false","0","0","0","0.000000000","2","17","0.001328313","2","250","228.466257669","0.044377893","4.204338428",,"49859","334"
"4340|840x1,1000x1,1015x1,1480x1","{840=1, 1000=1, 1015=1, 1480=1} @4340mm (pw=4335, util=99.9%)","false","0","0","0","0.000000000","13","39","0.007637129","1","265","228.466257669","0.026642694","4.203665511",,"24011","335"
"4380|870x1,1090x1,1100x1,1320x1","{870=1, 1090=1, 1100=1, 1320=1} @4380mm (pw=4380, util=100.0%)","false","0","0","0","0.000000000","15","283","0.072481652","2","220","228.466257669","0.105638367","2.841611356",,"335","10322"
"4350|600x1,780x2,1090x1,1100x1","{600=1, 780=2, 1090=1, 1100=1} @4350mm (pw=4350, util=100.0%)","false","0","0","0","0.000000000","15","283","0.072481652","2","250","228.466257669","0.044377893","1.955937550",,"336","33471"
"4370|840x1,1015x1,1030x1,1480x1","{840=1, 1015=1, 1030=1, 1480=1} @4370mm (pw=4365, util=99.9%)","false","0","0","0","0.000000000","5","10","0.001751194","2","235","228.466257669","0.132736156","4.202458744",,"47703","336"
"4350|600x2,960x1,1090x1,1100x1","{600=2, 960=1, 1090=1, 1100=1} @4350mm (pw=4350, util=100.0%)","false","0","0","0","0.000000000","15","283","0.072481652","2","250","228.466257669","0.044377893","1.679091090",,"337","41260"
"4380|600x1,780x1,970x1,1015x2","{600=1, 780=1, 970=1, 1015=2} @4380mm (pw=4380, util=100.0%)","false","0","0","0","0.000000000","3","12","0.002260313","3","220","228.466257669","0.105638367","4.202142812",,"44288","337"
"4380|960x1,1080x2,1260x1","{960=1, 1080=2, 1260=1} @4380mm (pw=4380, util=100.0%)","false","0","0","0","0.000000000","3","16","0.005600280","2","220","228.466257669","0.105638367","4.201390033",,"28415","338"
"4400|600x2,1010x1,1090x1,1100x1","{600=2, 1010=1, 1090=1, 1100=1} @4400mm (pw=4400, util=100.0%)","false","0","0","0","0.000000000","15","283","0.072481652","2","200","228.466257669","0.033937123","1.529360207",,"338","44882"
"4400|840x1,1015x1,1060x1,1480x1","{840=1, 1015=1, 1060=1, 1480=1} @4400mm (pw=4395, util=99.9%)","false","0","0","0","0.000000000","6","26","0.005515900","1","205","228.466257669","0.040872618","4.201281890",,"28757","339"
"4400|890x1,1090x1,1100x1,1320x1","{890=1, 1090=1, 1100=1, 1320=1} @4400mm (pw=4400, util=100.0%)","false","0","0","0","0.000000000","15","283","0.072481652","2","200","228.466257669","0.033937123","2.713374997",,"339","12955"
"4320|740x1,1015x1,1080x1,1480x1","{740=1, 1015=1, 1080=1, 1480=1} @4320mm (pw=4315, util=99.9%)","false","0","0","0","0.000000000","1","1","0.000564016","3","285","228.466257669","0.017381105","4.200402663",,"53818","340"
"4340|1070x1,1080x1,1090x1,1100x1","{1070=1, 1080=1, 1090=1, 1100=1} @4340mm (pw=4340, util=100.0%)","false","0","0","0","0.000000000","15","283","0.072481652","2","260","228.466257669","0.030737318","2.602470284",,"340","15443"
"4330|780x1,1015x1,1050x1,1480x1","{780=1, 1015=1, 1050=1, 1480=1} @4330mm (pw=4325, util=99.9%)","false","0","0","0","0.000000000","2","5","0.001483767","2","275","228.466257669","0.021037687","4.199830247",,"49313","341"
"4340|600x2,950x1,1090x1,1100x1","{600=2, 950=1, 1090=1, 1100=1} @4340mm (pw=4340, util=100.0%)","false","0","0","0","0.000000000","15","283","0.072481652","2","260","228.466257669","0.030737318","2.131901038",,"341","28368"
"4320|760x1,1080x1,1220x1,1260x1","{760=1, 1080=1, 1220=1, 1260=1} @4320mm (pw=4320, util=100.0%)","false","0","0","0","0.000000000","6","32","0.008161356","1","280","228.466257669","0.019035385","4.196243839",,"23153","342"
"4330|600x2,940x1,1090x1,1100x1","{600=2, 940=1, 1090=1, 1100=1} @4330mm (pw=4330, util=100.0%)","false","0","0","0","0.000000000","15","283","0.072481652","2","270","228.466257669","0.023510746","1.322684218",,"342","48801"
"4300|1030x1,1080x1,1090x1,1100x1","{1030=1, 1080=1, 1090=1, 1100=1} @4300mm (pw=4300, util=100.0%)","false","0","0","0","0.000000000","15","283","0.072481652","2","300","228.466257669","0.013786687","2.760965038",,"343","11968"
"4330|760x2,840x1,950x1,1015x1","{760=2, 840=1, 950=1, 1015=1} @4330mm (pw=4325, util=99.9%)","false","0","0","0","0.000000000","6","21","0.002443197","2","275","228.466257669","0.021037687","4.196148796",,"43417","343"
"4300|1015x2,1030x1,1240x1","{1015=2, 1030=1, 1240=1} @4300mm (pw=4300, util=100.0%)","false","0","0","0","0.000000000","5","46","0.015582656","2","300","228.466257669","0.013786687","4.195215641",,"15941","344"
"4300|600x2,910x1,1090x1,1100x1","{600=2, 910=1, 1090=1, 1100=1} @4300mm (pw=4300, util=100.0%)","false","0","0","0","0.000000000","15","283","0.072481652","2","300","228.466257669","0.013786687","1.322684218",,"344","48802"
"4380|870x1,950x1,1080x1,1480x1","{870=1, 950=1, 1080=1, 1480=1} @4380mm (pw=4380, util=100.0%)","false","0","0","0","0.000000000","1","1","0.000564016","3","220","228.466257669","0.105638367","4.194120419",,"53718","345"
"4400|600x1,740x1,870x1,1090x1,1100x1","{600=1, 740=1, 870=1, 1090=1, 1100=1} @4400mm (pw=4400, util=100.0%)","false","0","0","0","0.000000000","15","283","0.072481652","3","200","228.466257669","0.033937123","1.734375044",,"345","39853"
"4310|600x1,740x1,780x1,1090x1,1100x1","{600=1, 740=1, 780=1, 1090=1, 1100=1} @4310mm (pw=4310, util=100.0%)","false","0","0","0","0.000000000","15","283","0.072481652","3","290","228.466257669","0.015991367","1.532062184",,"346","44832"
"4330|1015x2,1060x1,1240x1","{1015=2, 1060=1, 1240=1} @4330mm (pw=4330, util=100.0%)","false","0","0","0","0.000000000","6","62","0.019347362","1","270","228.466257669","0.023510746","4.194038787",,"9364","346"
"4360|600x1,1220x2,1320x1","{600=1, 1220=2, 1320=1} @4360mm (pw=4360, util=100.0%)","false","0","0","0","0.000000000","1","4","0.001305057","2","240","228.466257669","0.079784630","4.193226929",,"50115","347"
"4380|970x1,1070x1,1100x1,1240x1","{970=1, 1070=1, 1100=1, 1240=1} @4380mm (pw=4380, util=100.0%)","false","0","0","0","0.000000000","20","270","0.072453994","1","220","228.466257669","0.105638367","2.061113052",,"347","30365"
"4390|790x1,840x3,1080x1","{790=1, 840=3, 1080=1} @4390mm (pw=4390, util=100.0%)","false","0","0","0","0.000000000","5","23","0.002786996","1","210","228.466257669","0.051370942","4.192124581",,"41302","348"
"4390|970x1,1080x1,1100x1,1240x1","{970=1, 1080=1, 1100=1, 1240=1} @4390mm (pw=4390, util=100.0%)","false","0","0","0","0.000000000","20","270","0.072453994","1","210","228.466257669","0.051370942","3.048336090",,"348","6988"
"4330|840x1,1015x1,1150x1,1320x1","{840=1, 1015=1, 1150=1, 1320=1} @4330mm (pw=4325, util=99.9%)","false","0","0","0","0.000000000","6","19","0.004047590","2","275","228.466257669","0.021037687","4.192077527",,"33827","349"
"4340|970x1,1030x1,1100x1,1240x1","{970=1, 1030=1, 1100=1, 1240=1} @4340mm (pw=4340, util=100.0%)","false","0","0","0","0.000000000","20","270","0.072453994","1","260","228.466257669","0.030737318","2.219607805",,"349","25686"
"4330|970x1,1020x1,1100x1,1240x1","{970=1, 1020=1, 1100=1, 1240=1} @4330mm (pw=4330, util=100.0%)","false","0","0","0","0.000000000","20","270","0.072453994","1","270","228.466257669","0.023510746","1.768305771",,"350","38924"
"4360|600x1,760x1,840x1,1015x1,1140x1","{600=1, 760=1, 840=1, 1015=1, 1140=1} @4360mm (pw=4355, util=99.9%)","false","0","0","0","0.000000000","8","27","0.004119643","2","245","228.466257669","0.057032890","4.189721923",,"33473","350"
"4330|970x1,1015x1,1100x1,1240x1","{970=1, 1015=1, 1100=1, 1240=1} @4330mm (pw=4325, util=99.9%)","false","0","0","0","0.000000000","20","270","0.072453994","1","275","228.466257669","0.021037687","3.067435252",,"351","6722"
"4380|550x1,840x1,860x1,1050x1,1080x1","{550=1, 840=1, 860=1, 1050=1, 1080=1} @4380mm (pw=4380, util=100.0%)","false","0","0","0","0.000000000","7","30","0.003435243","1","220","228.466257669","0.105638367","4.186799646",,"37190","351"
"4320|970x1,1010x1,1100x1,1240x1","{970=1, 1010=1, 1100=1, 1240=1} @4320mm (pw=4320, util=100.0%)","false","0","0","0","0.000000000","20","270","0.072453994","1","280","228.466257669","0.019035385","1.832423951",,"352","37134"
"4330|600x1,790x1,840x1,1015x1,1080x1","{600=1, 790=1, 840=1, 1015=1, 1080=1} @4330mm (pw=4325, util=99.9%)","false","0","0","0","0.000000000","5","23","0.002786996","3","275","228.466257669","0.021037687","4.186740540",,"41505","352"
"4330|840x1,1015x1,1220x1,1250x1","{840=1, 1015=1, 1220=1, 1250=1} @4330mm (pw=4325, util=99.9%)","false","0","0","0","0.000000000","6","19","0.004564059","1","275","228.466257669","0.021037687","4.185643607",,"31540","353"
"4340|860x1,1100x1,1140x1,1240x1","{860=1, 1100=1, 1140=1, 1240=1} @4340mm (pw=4340, util=100.0%)","true","0","0","0","0.000000000","20","268","0.072429255","0","260","228.466257669","0.030737318","2.880318945",,"353","9582"
"4330|790x1,1100x1,1200x1,1240x1","{790=1, 1100=1, 1200=1, 1240=1} @4330mm (pw=4330, util=100.0%)","true","0","0","0","0.000000000","19","274","0.072420261","0","270","228.466257669","0.023510746","1.515336644",,"354","45160"
"4370|760x1,860x2,870x1,1015x1","{760=1, 860=2, 870=1, 1015=1} @4370mm (pw=4365, util=99.9%)","false","0","0","0","0.000000000","3","16","0.001815146","2","235","228.466257669","0.132736156","4.185346617",,"47226","354"
"4400|550x1,840x1,850x1,1060x1,1100x1","{550=1, 840=1, 850=1, 1060=1, 1100=1} @4400mm (pw=4400, util=100.0%)","true","0","0","0","0.000000000","22","339","0.072419559","0","200","228.466257669","0.033937123","2.140668702",,"355","28090"
"4400|840x1,1000x1,1080x1,1480x1","{840=1, 1000=1, 1080=1, 1480=1} @4400mm (pw=4400, util=100.0%)","false","0","0","0","0.000000000","13","39","0.007637129","1","200","228.466257669","0.033937123","4.184566349",,"24009","355"
"4330|840x3,860x1,950x1","{840=3, 860=1, 950=1} @4330mm (pw=4330, util=100.0%)","false","0","0","0","0.000000000","5","13","0.001746306","1","270","228.466257669","0.023510746","4.184246379",,"47748","356"
"4360|740x1,1100x1,1240x1,1280x1","{740=1, 1100=1, 1240=1, 1280=1} @4360mm (pw=4360, util=100.0%)","false","0","0","0","0.000000000","18","264","0.072396324","1","240","228.466257669","0.079784630","1.661581400",,"356","41703"
"4390|600x1,780x1,980x1,1015x2","{600=1, 780=1, 980=1, 1015=2} @4390mm (pw=4390, util=100.0%)","false","0","0","0","0.000000000","7","77","0.014896498","3","210","228.466257669","0.051370942","4.183822225",,"16996","357"
"4400|780x1,1100x1,1240x1,1280x1","{780=1, 1100=1, 1240=1, 1280=1} @4400mm (pw=4400, util=100.0%)","false","0","0","0","0.000000000","18","264","0.072396324","1","200","228.466257669","0.033937123","2.085456766",,"357","29665"
"4300|860x1,1080x2,1280x1","{860=1, 1080=2, 1280=1} @4300mm (pw=4300, util=100.0%)","false","0","0","0","0.000000000","2","10","0.002761771","1","300","228.466257669","0.013786687","4.183030007",,"41623","358"
"4380|980x1,1100x1,1150x2","{980=1, 1100=1, 1150=2} @4380mm (pw=4380, util=100.0%)","true","0","0","0","0.000000000","21","299","0.072367935","0","220","228.466257669","0.105638367","1.786845774",,"358","38459"
"4310|1050x1,1080x2,1100x1","{1050=1, 1080=2, 1100=1} @4310mm (pw=4310, util=100.0%)","false","0","0","0","0.000000000","13","216","0.055530777","1","290","228.466257669","0.015991367","4.182567144",,"3335","359"
"4310|980x1,1080x1,1100x1,1150x1","{980=1, 1080=1, 1100=1, 1150=1} @4310mm (pw=4310, util=100.0%)","false","0","0","0","0.000000000","21","299","0.072367935","1","290","228.466257669","0.015991367","2.760734093",,"360","11972"
"4380|740x1,1080x2,1480x1","{740=1, 1080=2, 1480=1} @4380mm (pw=4380, util=100.0%)","false","0","0","0","0.000000000","1","1","0.000564016","2","220","228.466257669","0.105638367","4.181303501",,"53660","360"
"4300|980x1,1070x1,1100x1,1150x1","{980=1, 1070=1, 1100=1, 1150=1} @4300mm (pw=4300, util=100.0%)","false","0","0","0","0.000000000","21","299","0.072367935","1","300","228.466257669","0.013786687","1.773511055",,"361","38809"
"4390|780x1,1050x1,1080x1,1480x1","{780=1, 1050=1, 1080=1, 1480=1} @4390mm (pw=4390, util=100.0%)","false","0","0","0","0.000000000","2","5","0.001483767","2","210","228.466257669","0.051370942","4.180731085",,"49301","361"
"4340|1000x1,1015x1,1080x1,1240x1","{1000=1, 1015=1, 1080=1, 1240=1} @4340mm (pw=4335, util=99.9%)","false","0","0","0","0.000000000","13","75","0.021468590","2","265","228.466257669","0.026642694","4.177323246",,"7105","362"
"4390|760x2,790x1,980x1,1100x1","{760=2, 790=1, 980=1, 1100=1} @4390mm (pw=4390, util=100.0%)","true","0","0","0","0.000000000","22","315","0.072363359","0","210","228.466257669","0.051370942","2.131917483",,"362","28367"
"4310|840x1,970x1,1015x1,1480x1","{840=1, 970=1, 1015=1, 1480=1} @4310mm (pw=4305, util=99.9%)","false","0","0","0","0.000000000","8","22","0.004011507","1","295","228.466257669","0.014807413","4.177115103",,"34069","363"
"4370|740x1,760x1,790x1,980x1,1100x1","{740=1, 760=1, 790=1, 980=1, 1100=1} @4370mm (pw=4370, util=100.0%)","false","0","0","0","0.000000000","22","315","0.072363359","1","230","228.466257669","0.394673123","1.630626955",,"363","42481"
"4390|760x2,840x1,950x1,1080x1","{760=2, 840=1, 950=1, 1080=1} @4390mm (pw=4390, util=100.0%)","false","0","0","0","0.000000000","6","21","0.002443197","2","210","228.466257669","0.051370942","4.177049634",,"43370","364"
"4310|600x1,790x1,840x1,980x1,1100x1","{600=1, 790=1, 840=1, 980=1, 1100=1} @4310mm (pw=4310, util=100.0%)","false","0","0","0","0.000000000","24","312","0.072294519","1","290","228.466257669","0.015991367","2.211911279",,"365","25919"
"4370|1015x1,1030x1,1080x1,1240x1","{1015=1, 1030=1, 1080=1, 1240=1} @4370mm (pw=4365, util=99.9%)","false","0","0","0","0.000000000","5","46","0.015582656","3","235","228.466257669","0.132736156","4.176116479",,"15954","365"
"4360|760x1,840x1,870x2,1015x1","{760=1, 840=1, 870=2, 1015=1} @4360mm (pw=4355, util=99.9%)","false","0","0","0","0.000000000","6","21","0.002443197","2","245","228.466257669","0.057032890","4.175310988",,"43361","366"
"4370|780x1,1100x1,1240x1,1250x1","{780=1, 1100=1, 1240=1, 1250=1} @4370mm (pw=4370, util=100.0%)","false","0","0","0","0.000000000","18","264","0.072265504","1","230","228.466257669","0.394673123","2.159013888",,"366","27537"
"4330|740x1,1100x1,1240x1,1250x1","{740=1, 1100=1, 1240=1, 1250=1} @4330mm (pw=4330, util=100.0%)","false","0","0","0","0.000000000","18","264","0.072265504","1","270","228.466257669","0.023510746","1.735138522",,"367","39828"
"4400|1015x1,1060x1,1080x1,1240x1","{1015=1, 1060=1, 1080=1, 1240=1} @4400mm (pw=4395, util=99.9%)","false","0","0","0","0.000000000","6","62","0.019347362","2","205","228.466257669","0.040872618","4.174939625",,"9379","367"
"4340|550x1,760x1,870x1,1080x2","{550=1, 760=1, 870=1, 1080=2} @4340mm (pw=4340, util=100.0%)","false","0","0","0","0.000000000","3","25","0.002025204","2","260","228.466257669","0.030737318","4.174437706",,"46136","368"
"4390|550x1,740x1,760x1,1100x1,1240x1","{550=1, 740=1, 760=1, 1100=1, 1240=1} @4390mm (pw=4390, util=100.0%)","false","0","0","0","0.000000000","20","283","0.072218885","1","210","228.466257669","0.051370942","1.760304984",,"368","39155"
"4330|550x1,600x1,840x1,1100x1,1240x1","{550=1, 600=1, 840=1, 1100=1, 1240=1} @4330mm (pw=4330, util=100.0%)","false","0","0","0","0.000000000","22","280","0.072150045","1","270","228.466257669","0.023510746","2.341589309",,"369","22183"
"4370|780x1,840x2,890x1,1015x1","{780=1, 840=2, 890=1, 1015=1} @4370mm (pw=4365, util=99.9%)","false","0","0","0","0.000000000","4","9","0.001187178","3","235","228.466257669","0.132736156","4.174255606",,"51452","369"
"4330|860x1,1100x1,1130x1,1240x1","{860=1, 1100=1, 1130=1, 1240=1} @4330mm (pw=4330, util=100.0%)","true","0","0","0","0.000000000","20","267","0.072127946","0","270","228.466257669","0.023510746","2.211724607",,"370","25927"
"4400|760x2,850x1,1015x2","{760=2, 850=1, 1015=2} @4400mm (pw=4400, util=100.0%)","false","0","0","0","0.000000000","6","101","0.013343483","1","200","228.466257669","0.033937123","4.174003010",,"19007","370"
"4390|860x1,890x1,1320x2","{860=1, 890=1, 1320=2} @4390mm (pw=4390, util=100.0%)","false","0","0","0","0.000000000","1","4","0.000559128","2","210","228.466257669","0.051370942","4.173268105",,"53887","371"
"4400|980x1,1100x1,1130x1,1190x1","{980=1, 1100=1, 1130=1, 1190=1} @4400mm (pw=4400, util=100.0%)","true","0","0","0","0.000000000","22","298","0.072114188","0","200","228.466257669","0.033937123","1.641155460",,"371","42238"
"4300|760x1,1100x1,1200x1,1240x1","{760=1, 1100=1, 1200=1, 1240=1} @4300mm (pw=4300, util=100.0%)","true","0","0","0","0.000000000","20","272","0.072076462","0","300","228.466257669","0.013786687","1.888616168",,"372","35523"
"4390|840x1,1080x1,1150x1,1320x1","{840=1, 1080=1, 1150=1, 1320=1} @4390mm (pw=4390, util=100.0%)","false","0","0","0","0.000000000","6","19","0.004047590","2","210","228.466257669","0.051370942","4.172978365",,"33819","372"
"4370|850x1,1100x1,1150x1,1270x1","{850=1, 1100=1, 1150=1, 1270=1} @4370mm (pw=4370, util=100.0%)","true","0","0","0","0.000000000","19","318","0.072068762","0","230","228.466257669","0.394673123","1.402518558",,"373","47465"
"4400|840x1,860x1,1220x1,1480x1","{840=1, 860=1, 1220=1, 1480=1} @4400mm (pw=4400, util=100.0%)","true","0","0","0","0.000000000","7","18","0.003615379","0","200","228.466257669","0.033937123","4.172973998",,"36183","373"
"4340|550x2,1015x1,1080x1,1140x1","{550=2, 1015=1, 1080=1, 1140=1} @4340mm (pw=4335, util=99.9%)","false","0","0","0","0.000000000","3","19","0.002445631","2","265","228.466257669","0.026642694","4.170958445",,"43162","374"
"4400|600x1,790x1,850x1,1060x1,1100x1","{600=1, 790=1, 850=1, 1060=1, 1100=1} @4400mm (pw=4400, util=100.0%)","false","0","0","0","0.000000000","18","331","0.072063013","1","200","228.466257669","0.033937123","1.599782397",,"374","43234"
"4310|550x2,980x1,1100x1,1125x1","{550=2, 980=1, 1100=1, 1125=1} @4310mm (pw=4305, util=99.9%)","true","0","0","0","0.000000000","21","308","0.072034178","0","295","228.466257669","0.014807413","1.371848605",,"375","48011"
"4390|600x1,790x1,840x1,1080x2","{600=1, 790=1, 840=1, 1080=2} @4390mm (pw=4390, util=100.0%)","false","0","0","0","0.000000000","5","23","0.002786996","2","210","228.466257669","0.051370942","4.167641377",,"41346","375"
"4360|550x1,600x1,980x1,1100x1,1125x1","{550=1, 600=1, 980=1, 1100=1, 1125=1} @4360mm (pw=4355, util=99.9%)","false","0","0","0","0.000000000","21","308","0.072034178","1","245","228.466257669","0.057032890","1.533735660",,"376","44802"
"4390|840x1,1080x1,1220x1,1250x1","{840=1, 1080=1, 1220=1, 1250=1} @4390mm (pw=4390, util=100.0%)","false","0","0","0","0.000000000","6","19","0.004564059","1","210","228.466257669","0.051370942","4.166544445",,"31537","376"
"4330|550x1,840x1,860x1,980x1,1100x1","{550=1, 840=1, 860=1, 980=1, 1100=1} @4330mm (pw=4330, util=100.0%)","true","0","0","0","0.000000000","25","315","0.072023015","0","270","228.466257669","0.023510746","2.655517330",,"377","14197"
"4340|860x1,1015x1,1220x1,1240x1","{860=1, 1015=1, 1220=1, 1240=1} @4340mm (pw=4335, util=99.9%)","false","0","0","0","0.000000000","7","54","0.017446841","1","265","228.466257669","0.026642694","4.165730895",,"12553","377"
"4390|550x1,840x3,1320x1","{550=1, 840=3, 1320=1} @4390mm (pw=4390, util=100.0%)","false","0","0","0","0.000000000","5","22","0.001956364","1","210","228.466257669","0.051370942","4.165041856",,"46561","378"
"4370|980x1,1020x1,1100x1,1270x1","{980=1, 1020=1, 1100=1, 1270=1} @4370mm (pw=4370, util=100.0%)","false","0","0","0","0.000000000","20","296","0.072017384","1","230","228.466257669","0.394673123","1.433110978",,"379","46899"
"4400|600x1,860x1,870x1,1015x1,1050x1","{600=1, 860=1, 870=1, 1015=1, 1050=1} @4400mm (pw=4395, util=99.9%)","false","0","0","0","0.000000000","2","8","0.001478879","3","205","228.466257669","0.040872618","4.163189724",,"49362","379"
"4330|600x1,840x1,860x1,950x1,1080x1","{600=1, 840=1, 860=1, 950=1, 1080=1} @4330mm (pw=4330, util=100.0%)","false","0","0","0","0.000000000","5","13","0.001746306","3","270","228.466257669","0.023510746","4.159763176",,"47896","380"
"4370|980x1,1015x1,1100x1,1270x1","{980=1, 1015=1, 1100=1, 1270=1} @4370mm (pw=4365, util=99.9%)","false","0","0","0","0.000000000","20","296","0.072017384","1","235","228.466257669","0.132736156","2.732240458",,"380","12572"
"4330|550x1,600x1,840x1,1015x1,1320x1","{550=1, 600=1, 840=1, 1015=1, 1320=1} @4330mm (pw=4325, util=99.9%)","false","0","0","0","0.000000000","5","22","0.001956364","3","275","228.466257669","0.021037687","4.159657815",,"46823","381"
"4380|980x1,1030x1,1100x1,1270x1","{980=1, 1030=1, 1100=1, 1270=1} @4380mm (pw=4380, util=100.0%)","false","0","0","0","0.000000000","20","296","0.072017384","1","220","228.466257669","0.105638367","1.884413011",,"381","35640"
"4310|840x1,1070x1,1080x1,1320x1","{840=1, 1070=1, 1080=1, 1320=1} @4310mm (pw=4310, util=100.0%)","false","0","0","0","0.000000000","4","9","0.001187178","3","290","228.466257669","0.015991367","4.159643647",,"51676","382"
"4360|980x1,1010x1,1100x1,1270x1","{980=1, 1010=1, 1100=1, 1270=1} @4360mm (pw=4360, util=100.0%)","false","0","0","0","0.000000000","20","296","0.072017384","1","240","228.466257669","0.079784630","1.497229157",,"382","45600"
"4310|960x1,980x1,1100x1,1270x1","{960=1, 980=1, 1100=1, 1270=1} @4310mm (pw=4310, util=100.0%)","false","0","0","0","0.000000000","20","296","0.072017384","1","290","228.466257669","0.015991367","1.646960040",,"383","42093"
"4320|840x1,980x1,1015x1,1480x1","{840=1, 980=1, 1015=1, 1480=1} @4320mm (pw=4315, util=99.9%)","false","0","0","0","0.000000000","12","87","0.016647693","1","285","228.466257669","0.017381105","4.158794516",,"13904","383"
"4300|760x1,780x1,840x2,1080x1","{760=1, 780=1, 840=2, 1080=1} @4300mm (pw=4300, util=100.0%)","false","0","0","0","0.000000000","6","21","0.002443197","2","300","228.466257669","0.013786687","4.158495105",,"43434","384"
"4300|950x1,980x1,1100x1,1270x1","{950=1, 980=1, 1100=1, 1270=1} @4300mm (pw=4300, util=100.0%)","false","0","0","0","0.000000000","20","296","0.072017384","1","300","228.466257669","0.013786687","2.099769988",,"384","29252"
"4380|840x1,1100x1,1200x1,1240x1","{840=1, 1100=1, 1200=1, 1240=1} @4380mm (pw=4380, util=100.0%)","true","0","0","0","0.000000000","22","269","0.072007622","0","220","228.466257669","0.105638367","2.218110005",,"385","25722"
"4400|1000x1,1080x2,1240x1","{1000=1, 1080=2, 1240=1} @4400mm (pw=4400, util=100.0%)","false","0","0","0","0.000000000","13","75","0.021468590","1","200","228.466257669","0.033937123","4.158224084",,"7090","385"
"4310|850x1,1060x1,1100x1,1300x1","{850=1, 1060=1, 1100=1, 1300=1} @4310mm (pw=4310, util=100.0%)","true","0","0","0","0.000000000","18","321","0.071988748","0","290","228.466257669","0.015991367","1.585428570",,"386","43590"
"4370|840x1,970x1,1080x1,1480x1","{840=1, 970=1, 1080=1, 1480=1} @4370mm (pw=4370, util=100.0%)","false","0","0","0","0.000000000","8","22","0.004011507","1","230","228.466257669","0.394673123","4.158015941",,"34065","386"
"4340|600x1,850x1,860x1,1015x2","{600=1, 850=1, 860=1, 1015=2} @4340mm (pw=4340, util=100.0%)","false","0","0","0","0.000000000","5","93","0.012646592","2","260","228.466257669","0.030737318","4.156716552",,"20064","387"
"4390|860x1,1100x1,1190x1,1240x1","{860=1, 1100=1, 1190=1, 1240=1} @4390mm (pw=4390, util=100.0%)","true","0","0","0","0.000000000","19","266","0.071984336","0","210","228.466257669","0.051370942","2.196042612",,"387","26422"
"4320|550x2,980x1,1100x1,1140x1","{550=2, 980=1, 1100=1, 1140=1} @4320mm (pw=4320, util=100.0%)","true","0","0","0","0.000000000","22","308","0.071953155","0","280","228.466257669","0.019035385","2.196129185",,"388","26420"
"4360|1015x1,1050x2,1240x1","{1015=1, 1050=2, 1240=1} @4360mm (pw=4355, util=99.9%)","false","0","0","0","0.000000000","6","50","0.016502407","1","245","228.466257669","0.057032890","4.155949200",,"14097","388"
"4350|1015x1,1050x1,1080x1,1200x1","{1015=1, 1050=1, 1080=1, 1200=1} @4350mm (pw=4345, util=99.9%)","false","0","0","0","0.000000000","2","6","0.001546514","2","255","228.466257669","0.036319073","4.155216555",,"49095","389"
"4370|550x1,600x1,980x1,1100x1,1140x1","{550=1, 600=1, 980=1, 1100=1, 1140=1} @4370mm (pw=4370, util=100.0%)","false","0","0","0","0.000000000","22","308","0.071953155","1","230","228.466257669","0.394673123","2.358016241",,"389","21740"
"4370|760x1,840x1,860x1,890x1,1015x1","{760=1, 840=1, 860=1, 890=1, 1015=1} @4370mm (pw=4365, util=99.9%)","false","0","0","0","0.000000000","7","25","0.003002325","2","235","228.466257669","0.132736156","4.154390514",,"39478","390"
"4380|910x1,1100x1,1125x1,1240x1","{910=1, 1100=1, 1125=1, 1240=1} @4380mm (pw=4375, util=99.9%)","false","0","0","0","0.000000000","18","264","0.071951150","1","225","228.466257669","0.223901099","1.285241166",,"390","49391"
"4300|840x1,1080x2,1300x1","{840=1, 1080=2, 1300=1} @4300mm (pw=4300, util=100.0%)","false","0","0","0","0.000000000","5","13","0.002712731","1","300","228.466257669","0.013786687","4.153287550",,"41719","391"
"4370|900x1,1100x1,1125x1,1240x1","{900=1, 1100=1, 1125=1, 1240=1} @4370mm (pw=4365, util=99.9%)","false","0","0","0","0.000000000","18","264","0.071951150","1","235","228.466257669","0.132736156","1.285241166",,"391","49392"
"4360|890x1,1100x1,1125x1,1240x1","{890=1, 1100=1, 1125=1, 1240=1} @4360mm (pw=4355, util=99.9%)","false","0","0","0","0.000000000","18","264","0.071951150","1","245","228.466257669","0.057032890","1.820486122",,"392","37486"
"4400|550x2,1080x2,1140x1","{550=2, 1080=2, 1140=1} @4400mm (pw=4400, util=100.0%)","false","0","0","0","0.000000000","3","19","0.002445631","1","200","228.466257669","0.033937123","4.151859283",,"43111","392"
"4310|970x1,1015x1,1080x1,1240x1","{970=1, 1015=1, 1080=1, 1240=1} @4310mm (pw=4305, util=99.9%)","false","0","0","0","0.000000000","8","58","0.017842969","2","295","228.466257669","0.014807413","4.150772837",,"11976","393"
"4340|870x1,1100x1,1125x1,1240x1","{870=1, 1100=1, 1125=1, 1240=1} @4340mm (pw=4335, util=99.9%)","false","0","0","0","0.000000000","18","264","0.071951150","1","265","228.466257669","0.026642694","1.948722480",,"393","33708"
"4380|870x1,1050x1,1140x1,1320x1","{870=1, 1050=1, 1140=1, 1320=1} @4380mm (pw=4380, util=100.0%)","false","0","0","0","0.000000000","3","10","0.002596198","2","220","228.466257669","0.105638367","4.147524622",,"42161","394"
"4400|550x1,790x1,980x2,1100x1","{550=1, 790=1, 980=2, 1100=1} @4400mm (pw=4400, util=100.0%)","true","0","0","0","0.000000000","21","316","0.071876526","0","200","228.466257669","0.033937123","1.732142386",,"394","39904"
"4370|550x1,790x1,950x1,980x1,1100x1","{550=1, 790=1, 950=1, 980=1, 1100=1} @4370mm (pw=4370, util=100.0%)","false","0","0","0","0.000000000","21","316","0.071876526","1","230","228.466257669","0.394673123","1.991163590",,"395","32440"
"4370|600x1,790x1,950x1,1015x2","{600=1, 790=1, 950=1, 1015=2} @4370mm (pw=4370, util=100.0%)","false","0","0","0","0.000000000","1","14","0.001599817","3","230","228.466257669","0.394673123","4.146979068",,"48475","395"
"4380|550x1,790x1,960x1,980x1,1100x1","{550=1, 790=1, 960=1, 980=1, 1100=1} @4380mm (pw=4380, util=100.0%)","false","0","0","0","0.000000000","21","316","0.071876526","1","220","228.466257669","0.105638367","1.538353643",,"396","44707"
"4400|860x1,1080x1,1220x1,1240x1","{860=1, 1080=1, 1220=1, 1240=1} @4400mm (pw=4400, util=100.0%)","false","0","0","0","0.000000000","7","54","0.017446841","1","200","228.466257669","0.033937123","4.146631733",,"12551","396"
"4360|1015x1,1080x1,1125x1,1140x1","{1015=1, 1080=1, 1125=1, 1140=1} @4360mm (pw=4360, util=100.0%)","false","0","0","0","0.000000000","3","12","0.003433915","2","240","228.466257669","0.079784630","4.144574811",,"37249","397"
"4360|550x1,790x1,940x1,980x1,1100x1","{550=1, 790=1, 940=1, 980=1, 1100=1} @4360mm (pw=4360, util=100.0%)","false","0","0","0","0.000000000","21","316","0.071876526","1","240","228.466257669","0.079784630","1.181946770",,"397","50842"
"4330|550x1,790x1,910x1,980x1,1100x1","{550=1, 790=1, 910=1, 980=1, 1100=1} @4330mm (pw=4330, util=100.0%)","false","0","0","0","0.000000000","21","316","0.071876526","1","270","228.466257669","0.023510746","1.181946770",,"398","50843"
"4340|550x1,760x1,1000x1,1015x2","{550=1, 760=1, 1000=1, 1015=2} @4340mm (pw=4340, util=100.0%)","false","0","0","0","0.000000000","11","54","0.007911138","1","260","228.466257669","0.030737318","4.144221327",,"23577","398"
"4320|550x1,790x1,900x1,980x1,1100x1","{550=1, 790=1, 900=1, 980=1, 1100=1} @4320mm (pw=4320, util=100.0%)","false","0","0","0","0.000000000","21","316","0.071876526","1","280","228.466257669","0.019035385","1.181946770",,"399","50844"
"4370|550x1,760x1,1015x2,1030x1","{550=1, 760=1, 1015=2, 1030=1} @4370mm (pw=4370, util=100.0%)","false","0","0","0","0.000000000","3","25","0.002025204","2","230","228.466257669","0.394673123","4.143014560",,"46057","399"
"4310|550x1,790x1,890x1,980x1,1100x1","{550=1, 790=1, 890=1, 980=1, 1100=1} @4310mm (pw=4310, util=100.0%)","false","0","0","0","0.000000000","21","316","0.071876526","1","290","228.466257669","0.015991367","1.717191726",,"400","40280"
"4400|550x1,760x1,1015x2,1060x1","{550=1, 760=1, 1015=2, 1060=1} @4400mm (pw=4400, util=100.0%)","false","0","0","0","0.000000000","4","41","0.005789910","1","200","228.466257669","0.033937123","4.141837706",,"28005","400"
"4360|870x1,950x1,1220x1,1320x1","{870=1, 950=1, 1220=1, 1320=1} @4360mm (pw=4360, util=100.0%)","false","0","0","0","0.000000000","1","4","0.001305057","3","240","228.466257669","0.079784630","4.141576298",,"50196","401"
"4370|890x1,1100x1,1140x1,1240x1","{890=1, 1100=1, 1140=1, 1240=1} @4370mm (pw=4370, util=100.0%)","false","0","0","0","0.000000000","19","264","0.071870127","1","230","228.466257669","0.394673123","2.644766702",,"401","14422"
"4330|850x1,1015x1,1140x1,1320x1","{850=1, 1015=1, 1140=1, 1320=1} @4330mm (pw=4325, util=99.9%)","false","0","0","0","0.000000000","6","95","0.013763910","2","275","228.466257669","0.021037687","4.141051450",,"18517","402"
"4380|900x1,1100x1,1140x1,1240x1","{900=1, 1100=1, 1140=1, 1240=1} @4380mm (pw=4380, util=100.0%)","false","0","0","0","0.000000000","19","264","0.071870127","1","220","228.466257669","0.105638367","2.109521747",,"402","28949"
"4330|760x1,840x3,1050x1","{760=1, 840=3, 1050=1} @4330mm (pw=4330, util=100.0%)","true","0","0","0","0.000000000","7","25","0.003362949","0","270","228.466257669","0.023510746","4.140956323",,"37647","403"
"4390|910x1,1100x1,1140x1,1240x1","{910=1, 1100=1, 1140=1, 1240=1} @4390mm (pw=4390, util=100.0%)","false","0","0","0","0.000000000","19","264","0.071870127","1","210","228.466257669","0.051370942","2.109521747",,"403","28950"
"4350|870x1,1100x1,1140x1,1240x1","{870=1, 1100=1, 1140=1, 1240=1} @4350mm (pw=4350, util=100.0%)","false","0","0","0","0.000000000","19","264","0.071870127","1","250","228.466257669","0.044377893","2.773003061",,"404","11692"
"4390|550x1,600x1,840x1,1080x1,1320x1","{550=1, 600=1, 840=1, 1080=1, 1320=1} @4390mm (pw=4390, util=100.0%)","false","0","0","0","0.000000000","5","22","0.001956364","3","210","228.466257669","0.051370942","4.140558653",,"46750","404"
"4330|1015x1,1030x1,1140x2","{1015=1, 1030=1, 1140=2} @4330mm (pw=4325, util=99.9%)","false","0","0","0","0.000000000","2","6","0.001676446","2","275","228.466257669","0.021037687","4.140127107",,"48177","405"
"4330|600x2,790x1,1100x1,1240x1","{600=2, 790=1, 1100=1, 1240=1} @4330mm (pw=4330, util=100.0%)","false","0","0","0","0.000000000","18","272","0.071793498","1","270","228.466257669","0.023510746","1.800703004",,"406","38063"
"4380|840x1,980x1,1080x1,1480x1","{840=1, 980=1, 1080=1, 1480=1} @4380mm (pw=4380, util=100.0%)","false","0","0","0","0.000000000","12","87","0.016647693","1","220","228.466257669","0.105638367","4.139695354",,"13901","406"
"4370|970x1,980x1,1100x1,1320x1","{970=1, 980=1, 1100=1, 1320=1} @4370mm (pw=4370, util=100.0%)","false","0","0","0","0.000000000","22","301","0.071767836","1","230","228.466257669","0.394673123","2.891575335",,"407","9380"
"4400|760x1,840x1,1320x1,1480x1","{760=1, 840=1, 1320=1, 1480=1} @4400mm (pw=4400, util=100.0%)","false","0","0","0","0.000000000","7","22","0.003007213","1","200","228.466257669","0.033937123","4.139108203",,"39418","407"
"4360|1015x1,1060x1,1140x2","{1015=1, 1060=1, 1140=2} @4360mm (pw=4355, util=99.9%)","false","0","0","0","0.000000000","3","22","0.005441152","1","245","228.466257669","0.057032890","4.138950253",,"28890","408"
"4390|600x1,740x1,970x1,980x1,1100x1","{600=1, 740=1, 970=1, 980=1, 1100=1} @4390mm (pw=4390, util=100.0%)","false","0","0","0","0.000000000","22","301","0.071767836","2","210","228.466257669","0.051370942","1.784339023",,"408","38521"
"4300|760x2,840x1,860x1,1080x1","{760=2, 840=1, 860=1, 1080=1} @4300mm (pw=4300, util=100.0%)","false","0","0","0","0.000000000","7","25","0.003002325","1","300","228.466257669","0.013786687","4.138630013",,"39473","409"
"4380|850x1,1100x1,1150x1,1280x1","{850=1, 1100=1, 1150=1, 1280=1} @4380mm (pw=4380, util=100.0%)","true","0","0","0","0.000000000","19","317","0.071761545","0","220","228.466257669","0.105638367","1.568468100",,"409","43994"
"4350|870x1,1080x1,1140x1,1260x1","{870=1, 1080=1, 1140=1, 1260=1} @4350mm (pw=4350, util=100.0%)","false","0","0","0","0.000000000","5","22","0.007276726","2","250","228.466257669","0.044377893","4.138166334",,"24646","410"
"4350|980x1,1050x1,1100x1,1220x1","{980=1, 1050=1, 1100=1, 1220=1} @4350mm (pw=4350, util=100.0%)","true","0","0","0","0.000000000","21","297","0.071732332","0","250","228.466257669","0.044377893","3.122851693",,"410","6010"
"4380|740x1,1100x1,1240x1,1300x1","{740=1, 1100=1, 1240=1, 1300=1} @4380mm (pw=4380, util=100.0%)","false","0","0","0","0.000000000","18","262","0.071719234","1","220","228.466257669","0.105638367","1.534558689",,"411","44786"
"4400|550x1,860x1,960x1,1015x2","{550=1, 860=1, 960=1, 1015=2} @4400mm (pw=4400, util=100.0%)","false","0","0","0","0.000000000","2","17","0.001328313","2","200","228.466257669","0.033937123","4.137775171",,"49871","411"
"4370|600x1,760x1,850x1,1060x1,1100x1","{600=1, 760=1, 850=1, 1060=1, 1100=1} @4370mm (pw=4370, util=100.0%)","false","0","0","0","0.000000000","19","329","0.071719214","1","230","228.466257669","0.394673123","1.973061921",,"412","32995"
"4390|550x2,1015x2,1260x1","{550=2, 1015=2, 1260=1} @4390mm (pw=4390, util=100.0%)","false","0","0","0","0.000000000","4","29","0.006369465","1","210","228.466257669","0.051370942","4.137574526",,"26550","412"
"4300|600x1,760x1,780x1,1080x2","{600=1, 760=1, 780=1, 1080=2} @4300mm (pw=4300, util=100.0%)","false","0","0","0","0.000000000","2","12","0.001256018","3","300","228.466257669","0.013786687","4.134011902",,"50776","413"
"4320|980x1,1015x1,1080x1,1240x1","{980=1, 1015=1, 1080=1, 1240=1} @4320mm (pw=4315, util=99.9%)","false","0","0","0","0.000000000","12","123","0.030479154","2","285","228.466257669","0.017381105","4.132452251",,"4880","414"
"4370|980x1,1010x1,1100x1,1280x1","{980=1, 1010=1, 1100=1, 1280=1} @4370mm (pw=4370, util=100.0%)","false","0","0","0","0.000000000","20","295","0.071710167","1","230","228.466257669","0.394673123","1.663178699",,"414","41671"
"4380|980x1,1015x1,1100x1,1280x1","{980=1, 1015=1, 1100=1, 1280=1} @4380mm (pw=4375, util=99.9%)","false","0","0","0","0.000000000","20","295","0.071710167","1","225","228.466257669","0.223901099","2.898190000",,"415","9268"
"4400|600x1,840x1,890x1,1015x1,1050x1","{600=1, 840=1, 890=1, 1015=1, 1050=1} @4400mm (pw=4395, util=99.9%)","false","0","0","0","0.000000000","5","13","0.002106930","3","205","228.466257669","0.040872618","4.132233620",,"45640","415"
"4360|870x1,1050x1,1220x2","{870=1, 1050=1, 1220=2} @4360mm (pw=4360, util=100.0%)","false","0","0","0","0.000000000","2","8","0.002224809","1","240","228.466257669","0.079784630","4.132152038",,"44732","416"
"4380|980x1,1020x1,1100x1,1280x1","{980=1, 1020=1, 1100=1, 1280=1} @4380mm (pw=4380, util=100.0%)","false","0","0","0","0.000000000","20","295","0.071710167","1","220","228.466257669","0.105638367","1.599060520",,"416","43268"
"4380|840x1,1000x1,1220x1,1320x1","{840=1, 1000=1, 1220=1, 1320=1} @4380mm (pw=4380, util=100.0%)","false","0","0","0","0.000000000","13","42","0.008378170","1","220","228.466257669","0.105638367","4.132022229",,"22883","417"
"4390|980x1,1030x1,1100x1,1280x1","{980=1, 1030=1, 1100=1, 1280=1} @4390mm (pw=4390, util=100.0%)","false","0","0","0","0.000000000","20","295","0.071710167","1","210","228.466257669","0.051370942","2.050362553",,"417","30686"
"4320|960x1,980x1,1100x1,1280x1","{960=1, 980=1, 1100=1, 1280=1} @4320mm (pw=4320, util=100.0%)","false","0","0","0","0.000000000","20","295","0.071710167","1","280","228.466257669","0.019035385","1.812909582",,"418","37712"
"4340|760x1,1015x1,1240x1,1320x1","{760=1, 1015=1, 1240=1, 1320=1} @4340mm (pw=4335, util=99.9%)","false","0","0","0","0.000000000","7","58","0.016838674","2","265","228.466257669","0.026642694","4.131865100",,"13642","418"
"4310|950x1,980x1,1100x1,1280x1","{950=1, 980=1, 1100=1, 1280=1} @4310mm (pw=4310, util=100.0%)","false","0","0","0","0.000000000","20","295","0.071710167","1","290","228.466257669","0.015991367","2.265719530",,"419","24338"
"4370|970x1,1080x2,1240x1","{970=1, 1080=2, 1240=1} @4370mm (pw=4370, util=100.0%)","false","0","0","0","0.000000000","8","58","0.017842969","1","230","228.466257669","0.394673123","4.131673675",,"11955","419"
"4300|940x1,980x1,1100x1,1280x1","{940=1, 980=1, 1100=1, 1280=1} @4300mm (pw=4300, util=100.0%)","false","0","0","0","0.000000000","20","295","0.071710167","1","300","228.466257669","0.013786687","1.456502710",,"420","46412"
"4330|840x1,1080x1,1090x1,1320x1","{840=1, 1080=1, 1090=1, 1320=1} @4330mm (pw=4330, util=100.0%)","false","0","0","0","0.000000000","7","80","0.019057805","2","270","228.466257669","0.023510746","4.129545081",,"9930","420"
"4350|790x1,980x1,1100x1,1480x1","{790=1, 980=1, 1100=1, 1480=1} @4350mm (pw=4350, util=100.0%)","true","0","0","0","0.000000000","21","304","0.071671357","0","250","228.466257669","0.044377893","2.353584407",,"421","21872"
"4360|740x1,1080x1,1220x1,1320x1","{740=1, 1080=1, 1220=1, 1320=1} @4360mm (pw=4360, util=100.0%)","false","0","0","0","0.000000000","1","4","0.001305057","3","240","228.466257669","0.079784630","4.128759380",,"50195","421"
"4330|600x1,790x1,860x1,980x1,1100x1","{600=1, 790=1, 860=1, 980=1, 1100=1} @4330mm (pw=4330, util=100.0%)","false","0","0","0","0.000000000","21","307","0.071666469","1","270","228.466257669","0.023510746","2.114631024",,"422","28811"
"4340|600x1,840x3,1220x1","{600=1, 840=3, 1220=1} @4340mm (pw=4340, util=100.0%)","false","0","0","0","0.000000000","5","13","0.002492236","1","260","228.466257669","0.030737318","4.128581125",,"42991","422"
"4320|980x1,1050x1,1100x1,1190x1","{980=1, 1050=1, 1100=1, 1190=1} @4320mm (pw=4320, util=100.0%)","true","0","0","0","0.000000000","21","297","0.071658802","0","280","228.466257669","0.019035385","2.255600158",,"423","24643"
"4370|780x1,1050x1,1220x1,1320x1","{780=1, 1050=1, 1220=1, 1320=1} @4370mm (pw=4370, util=100.0%)","false","0","0","0","0.000000000","2","8","0.002224809","2","230","228.466257669","0.394673123","4.128186964",,"44747","423"
"4310|550x2,980x1,1100x1,1130x1","{550=2, 980=1, 1100=1, 1130=1} @4310mm (pw=4310, util=100.0%)","true","0","0","0","0.000000000","22","307","0.071651846","0","290","228.466257669","0.015991367","1.527534847",,"424","44942"
"4310|840x1,1015x1,1130x1,1320x1","{840=1, 1015=1, 1130=1, 1320=1} @4310mm (pw=4305, util=99.9%)","false","0","0","0","0.000000000","6","14","0.002562316","2","295","228.466257669","0.014807413","4.127073368",,"42296","424"
"4340|760x2,790x1,1015x2","{760=2, 790=1, 1015=2} @4340mm (pw=4340, util=100.0%)","false","0","0","0","0.000000000","3","26","0.002855836","1","260","228.466257669","0.030737318","4.125845906",,"40620","425"
"4360|550x1,600x1,980x1,1100x1,1130x1","{550=1, 600=1, 980=1, 1100=1, 1130=1} @4360mm (pw=4360, util=100.0%)","false","0","0","0","0.000000000","22","307","0.071651846","1","240","228.466257669","0.079784630","1.689421903",,"425","41030"
"4310|850x1,1015x1,1220x2","{850=1, 1015=1, 1220=2} @4310mm (pw=4305, util=99.9%)","false","0","0","0","0.000000000","5","93","0.013392521","1","295","228.466257669","0.014807413","4.125678865",,"18975","426"
"4350|850x1,1100x1,1150x1,1250x1","{850=1, 1100=1, 1150=1, 1250=1} @4350mm (pw=4350, util=100.0%)","true","0","0","0","0.000000000","19","317","0.071630725","0","250","228.466257669","0.044377893","1.642025222",,"426","42217"
"4400|550x2,980x1,1100x1,1220x1","{550=2, 980=1, 1100=1, 1220=1} @4400mm (pw=4400, util=100.0%)","true","0","0","0","0.000000000","21","306","0.071581766","0","200","228.466257669","0.033937123","2.379104387",,"427","21106"
"4400|740x1,760x1,870x1,1015x2","{740=1, 760=1, 870=1, 1015=2} @4400mm (pw=4400, util=100.0%)","false","0","0","0","0.000000000","2","12","0.001256018","3","200","228.466257669","0.033937123","4.122732598",,"50628","427"
"4360|1000x1,1080x1,1140x2","{1000=1, 1080=1, 1140=2} @4360mm (pw=4360, util=100.0%)","false","0","0","0","0.000000000","10","35","0.007562381","1","240","228.466257669","0.079784630","4.122234712",,"24142","428"
"4360|980x1,1030x1,1100x1,1250x1","{980=1, 1030=1, 1100=1, 1250=1} @4360mm (pw=4360, util=100.0%)","false","0","0","0","0.000000000","20","295","0.071579347","1","240","228.466257669","0.079784630","2.123919675",,"429","28577"
"4390|850x1,1080x1,1140x1,1320x1","{850=1, 1080=1, 1140=1, 1320=1} @4390mm (pw=4390, util=100.0%)","false","0","0","0","0.000000000","6","95","0.013763910","2","210","228.466257669","0.051370942","4.121952288",,"18508","429"
"4350|980x1,1020x1,1100x1,1250x1","{980=1, 1020=1, 1100=1, 1250=1} @4350mm (pw=4350, util=100.0%)","false","0","0","0","0.000000000","20","295","0.071579347","1","250","228.466257669","0.044377893","1.672617642",,"430","41415"
"4390|1030x1,1080x1,1140x2","{1030=1, 1080=1, 1140=2} @4390mm (pw=4390, util=100.0%)","false","0","0","0","0.000000000","2","6","0.001676446","2","210","228.466257669","0.051370942","4.121027945",,"48164","430"
"4350|980x1,1015x1,1100x1,1250x1","{980=1, 1015=1, 1100=1, 1250=1} @4350mm (pw=4345, util=99.9%)","false","0","0","0","0.000000000","20","295","0.071579347","1","255","228.466257669","0.036319073","2.971747122",,"431","8154"
"4380|600x1,860x1,950x2,1015x1","{600=1, 860=1, 950=2, 1015=1} @4380mm (pw=4375, util=99.9%)","false","0","0","0","0.000000000","1","4","0.000559128","3","225","228.466257669","0.223901099","4.120001704",,"53955","431"
"4340|780x1,1080x1,1220x1,1260x1","{780=1, 1080=1, 1220=1, 1260=1} @4340mm (pw=4340, util=100.0%)","false","0","0","0","0.000000000","4","20","0.006905337","2","260","228.466257669","0.030737318","4.118828676",,"25419","432"
"4400|980x1,1070x1,1100x1,1250x1","{980=1, 1070=1, 1100=1, 1250=1} @4400mm (pw=4400, util=100.0%)","false","0","0","0","0.000000000","20","295","0.071579347","1","200","228.466257669","0.033937123","1.965424922",,"432","33217"
"4340|980x1,1010x1,1100x1,1250x1","{980=1, 1010=1, 1100=1, 1250=1} @4340mm (pw=4340, util=100.0%)","false","0","0","0","0.000000000","20","295","0.071579347","1","260","228.466257669","0.030737318","1.736735821",,"433","39785"
"4350|760x1,780x1,840x1,950x1,1015x1","{760=1, 780=1, 840=1, 950=1, 1015=1} @4350mm (pw=4345, util=99.9%)","false","0","0","0","0.000000000","6","21","0.002443197","3","255","228.466257669","0.036319073","4.118733634",,"43488","433"
"4310|1015x2,1030x1,1250x1","{1015=2, 1030=1, 1250=1} @4310mm (pw=4310, util=100.0%)","false","0","0","0","0.000000000","1","6","0.002071823","2","290","228.466257669","0.015991367","4.117848098",,"45896","434"
"4370|900x1,1100x1,1130x1,1240x1","{900=1, 1100=1, 1130=1, 1240=1} @4370mm (pw=4370, util=100.0%)","false","0","0","0","0.000000000","19","263","0.071568819","1","230","228.466257669","0.394673123","1.440927409",,"434","46705"
"4310|550x1,760x1,970x1,1015x2","{550=1, 760=1, 970=1, 1015=2} @4310mm (pw=4310, util=100.0%)","false","0","0","0","0.000000000","6","37","0.004285516","1","290","228.466257669","0.015991367","4.117670919",,"32711","435"
"4380|910x1,1100x1,1130x1,1240x1","{910=1, 1100=1, 1130=1, 1240=1} @4380mm (pw=4380, util=100.0%)","false","0","0","0","0.000000000","19","263","0.071568819","1","220","228.466257669","0.105638367","1.440927409",,"435","46706"
"4340|1015x2,1060x1,1250x1","{1015=2, 1060=1, 1250=1} @4340mm (pw=4340, util=100.0%)","false","0","0","0","0.000000000","2","22","0.005836529","1","260","228.466257669","0.030737318","4.116671244",,"27925","436"
"4360|890x1,1100x1,1130x1,1240x1","{890=1, 1100=1, 1130=1, 1240=1} @4360mm (pw=4360, util=100.0%)","false","0","0","0","0.000000000","19","263","0.071568819","1","240","228.466257669","0.079784630","1.976172364",,"436","32890"
"4330|600x1,760x1,840x1,1050x1,1080x1","{600=1, 760=1, 840=1, 1050=1, 1080=1} @4330mm (pw=4330, util=100.0%)","false","0","0","0","0.000000000","7","25","0.003362949","2","270","228.466257669","0.023510746","4.116473120",,"37667","437"
"4340|870x1,1100x1,1130x1,1240x1","{870=1, 1100=1, 1130=1, 1240=1} @4340mm (pw=4340, util=100.0%)","false","0","0","0","0.000000000","19","263","0.071568819","1","260","228.466257669","0.030737318","2.104408723",,"437","29102"
"4350|790x1,840x2,860x1,1015x1","{790=1, 840=2, 860=1, 1015=1} @4350mm (pw=4345, util=99.9%)","false","0","0","0","0.000000000","6","27","0.003346123","1","255","228.466257669","0.036319073","4.113943488",,"37754","438"
"4370|550x1,760x1,980x2,1100x1","{550=1, 760=1, 980=2, 1100=1} @4370mm (pw=4370, util=100.0%)","true","0","0","0","0.000000000","22","314","0.071532727","0","230","228.466257669","0.394673123","2.105421910",,"438","29074"
"4350|550x1,760x1,960x1,980x1,1100x1","{550=1, 760=1, 960=1, 980=1, 1100=1} @4350mm (pw=4350, util=100.0%)","false","0","0","0","0.000000000","22","314","0.071532727","1","250","228.466257669","0.044377893","1.911633167",,"439","34829"
"4350|950x1,1015x1,1080x1,1300x1","{950=1, 1015=1, 1080=1, 1300=1} @4350mm (pw=4345, util=99.9%)","false","0","0","0","0.000000000","1","4","0.001525553","3","255","228.466257669","0.036319073","4.113526079",,"49219","439"
"4380|980x1,1080x2,1240x1","{980=1, 1080=2, 1240=1} @4380mm (pw=4380, util=100.0%)","false","0","0","0","0.000000000","12","123","0.030479154","1","220","228.466257669","0.105638367","4.113353089",,"4862","440"
"4400|550x1,760x1,980x1,1010x1,1100x1","{550=1, 760=1, 980=1, 1010=1, 1100=1} @4400mm (pw=4400, util=100.0%)","false","0","0","0","0.000000000","22","314","0.071532727","1","200","228.466257669","0.033937123","1.761902283",,"440","39109"
"4340|550x1,760x1,950x1,980x1,1100x1","{550=1, 760=1, 950=1, 980=1, 1100=1} @4340mm (pw=4340, util=100.0%)","false","0","0","0","0.000000000","22","314","0.071532727","1","260","228.466257669","0.030737318","2.364443114",,"441","21559"
"4400|760x1,1080x1,1240x1,1320x1","{760=1, 1080=1, 1240=1, 1320=1} @4400mm (pw=4400, util=100.0%)","false","0","0","0","0.000000000","7","58","0.016838674","2","200","228.466257669","0.033937123","4.112765938",,"13639","441"
"4330|550x1,760x1,940x1,980x1,1100x1","{550=1, 760=1, 940=1, 980=1, 1100=1} @4330mm (pw=4330, util=100.0%)","false","0","0","0","0.000000000","22","314","0.071532727","1","270","228.466257669","0.023510746","1.555226294",,"442","44314"
"4330|870x1,1060x1,1080x1,1320x1","{870=1, 1060=1, 1080=1, 1320=1} @4330mm (pw=4330, util=100.0%)","false","0","0","0","0.000000000","1","16","0.003764706","3","270","228.466257669","0.023510746","4.112365406",,"35226","442"
"4300|550x1,760x1,910x1,980x1,1100x1","{550=1, 760=1, 910=1, 980=1, 1100=1} @4300mm (pw=4300, util=100.0%)","false","0","0","0","0.000000000","22","314","0.071532727","1","300","228.466257669","0.013786687","1.555226294",,"443","44315"
"4380|600x1,780x1,840x1,1015x1,1140x1","{600=1, 780=1, 840=1, 1015=1, 1140=1} @4380mm (pw=4375, util=99.9%)","false","0","0","0","0.000000000","6","15","0.002863624","3","225","228.466257669","0.223901099","4.112306760",,"40372","443"
"4360|840x1,1015x1,1220x1,1280x1","{840=1, 1015=1, 1220=1, 1280=1} @4360mm (pw=4355, util=99.9%)","false","0","0","0","0.000000000","6","19","0.004694879","1","245","228.466257669","0.057032890","4.112086485",,"31125","444"
"4370|550x1,1100x1,1240x1,1480x1","{550=1, 1100=1, 1240=1, 1480=1} @4370mm (pw=4370, util=100.0%)","true","0","0","0","0.000000000","19","272","0.071526882","0","230","228.466257669","0.394673123","2.483262437",,"444","18349"
"4300|550x2,860x1,1100x1,1240x1","{550=2, 860=1, 1100=1, 1240=1} @4300mm (pw=4300, util=100.0%)","true","0","0","0","0.000000000","19","275","0.071521994","0","300","228.466257669","0.013786687","2.082421999",,"445","29754"
"4370|840x1,1015x1,1190x1,1320x1","{840=1, 1015=1, 1190=1, 1320=1} @4370mm (pw=4365, util=99.9%)","false","0","0","0","0.000000000","5","13","0.002418706","2","235","228.466257669","0.132736156","4.111391373",,"43566","445"
"4350|550x1,600x1,860x1,1100x1,1240x1","{550=1, 600=1, 860=1, 1100=1, 1240=1} @4350mm (pw=4350, util=100.0%)","false","0","0","0","0.000000000","19","275","0.071521994","1","250","228.466257669","0.044377893","2.244309054",,"446","24959"
"4370|840x1,950x1,1260x1,1320x1","{840=1, 950=1, 1260=1, 1320=1} @4370mm (pw=4370, util=100.0%)","false","0","0","0","0.000000000","7","25","0.006787458","2","230","228.466257669","0.394673123","4.110714154",,"25659","446"
"4360|860x1,1140x2,1220x1","{860=1, 1140=2, 1220=1} @4360mm (pw=4360, util=100.0%)","true","0","0","0","0.000000000","4","14","0.003540631","0","240","228.466257669","0.079784630","4.110642361",,"36507","447"
"4370|550x2,980x1,1100x1,1190x1","{550=2, 980=1, 1100=1, 1190=1} @4370mm (pw=4370, util=100.0%)","true","0","0","0","0.000000000","21","306","0.071508236","0","230","228.466257669","0.394673123","1.511852852",,"447","45237"
"4340|780x1,1100x1,1220x1,1240x1","{780=1, 1100=1, 1220=1, 1240=1} @4340mm (pw=4340, util=100.0%)","false","0","0","0","0.000000000","18","262","0.071498738","1","260","228.466257669","0.030737318","2.753665403",,"448","12098"
"4360|1015x1,1050x1,1070x1,1220x1","{1015=1, 1050=1, 1070=1, 1220=1} @4360mm (pw=4355, util=99.9%)","false","0","0","0","0.000000000","2","8","0.002224809","2","245","228.466257669","0.057032890","4.110457915",,"44754","448"
"4300|740x1,1100x1,1220x1,1240x1","{740=1, 1100=1, 1220=1, 1240=1} @4300mm (pw=4300, util=100.0%)","false","0","0","0","0.000000000","18","262","0.071498738","1","300","228.466257669","0.013786687","2.329790037",,"449","22516"
"4340|550x1,860x2,1015x1,1050x1","{550=1, 860=2, 1015=1, 1050=1} @4340mm (pw=4335, util=99.9%)","false","0","0","0","0.000000000","3","21","0.002248065","1","265","228.466257669","0.026642694","4.108618553",,"44581","449"
"4310|550x1,840x2,980x1,1100x1","{550=1, 840=2, 980=1, 1100=1} @4310mm (pw=4310, util=100.0%)","true","0","0","0","0.000000000","24","311","0.071463887","0","290","228.466257669","0.015991367","2.752797585",,"450","12115"
"4370|840x1,1080x1,1130x1,1320x1","{840=1, 1080=1, 1130=1, 1320=1} @4370mm (pw=4370, util=100.0%)","false","0","0","0","0.000000000","6","14","0.002562316","2","230","228.466257669","0.394673123","4.107974206",,"42277","450"
"4370|550x1,840x1,900x1,980x1,1100x1","{550=1, 840=1, 900=1, 980=1, 1100=1} @4370mm (pw=4370, util=100.0%)","false","0","0","0","0.000000000","24","311","0.071463887","1","230","228.466257669","0.394673123","1.884720131",,"451","35618"
"4390|780x1,860x2,870x1,1015x1","{780=1, 860=2, 870=1, 1015=1} @4390mm (pw=4385, util=99.9%)","false","0","0","0","0.000000000","1","4","0.000559128","3","215","228.466257669","0.069126378","4.107931455",,"54006","451"
"4370|850x1,1080x1,1220x2","{850=1, 1080=1, 1220=2} @4370mm (pw=4370, util=100.0%)","false","0","0","0","0.000000000","5","93","0.013392521","1","230","228.466257669","0.394673123","4.106579703",,"18970","452"
"4380|550x1,840x1,910x1,980x1,1100x1","{550=1, 840=1, 910=1, 980=1, 1100=1} @4380mm (pw=4380, util=100.0%)","false","0","0","0","0.000000000","24","311","0.071463887","1","220","228.466257669","0.105638367","1.884720131",,"452","35619"
"4360|550x1,840x1,890x1,980x1,1100x1","{550=1, 840=1, 890=1, 980=1, 1100=1} @4360mm (pw=4360, util=100.0%)","false","0","0","0","0.000000000","24","311","0.071463887","1","240","228.466257669","0.079784630","2.419965086",,"453","20037"
"4360|860x1,1000x1,1015x1,1480x1","{860=1, 1000=1, 1015=1, 1480=1} @4360mm (pw=4355, util=99.9%)","false","0","0","0","0.000000000","10","34","0.007009078","1","245","228.466257669","0.057032890","4.106385256",,"25297","453"
"4340|550x1,840x1,870x1,980x1,1100x1","{550=1, 840=1, 870=1, 980=1, 1100=1} @4340mm (pw=4340, util=100.0%)","false","0","0","0","0.000000000","24","311","0.071463887","1","260","228.466257669","0.030737318","2.548201445",,"454","16767"
"4350|840x1,970x1,1220x1,1320x1","{840=1, 970=1, 1220=1, 1320=1} @4350mm (pw=4350, util=100.0%)","false","0","0","0","0.000000000","8","25","0.004752548","1","250","228.466257669","0.044377893","4.105471820",,"30963","454"
"4390|860x1,1015x1,1030x1,1480x1","{860=1, 1015=1, 1030=1, 1480=1} @4390mm (pw=4385, util=99.9%)","false","0","0","0","0.000000000","2","5","0.001123144","2","215","228.466257669","0.069126378","4.105178489",,"51967","455"
"4300|600x2,760x1,1100x1,1240x1","{600=2, 760=1, 1100=1, 1240=1} @4300mm (pw=4300, util=100.0%)","false","0","0","0","0.000000000","19","270","0.071449699","1","300","228.466257669","0.013786687","2.173982528",,"456","27079"
"4360|950x2,1140x1,1320x1","{950=2, 1140=1, 1320=1} @4360mm (pw=4360, util=100.0%)","false","0","0","0","0.000000000","2","6","0.001676446","2","240","228.466257669","0.079784630","4.104336603",,"48163","456"
"4310|1010x1,1080x2,1140x1","{1010=1, 1080=2, 1140=1} @4310mm (pw=4310, util=100.0%)","false","0","0","0","0.000000000","2","6","0.001676446","2","290","228.466257669","0.015991367","4.104142231",,"48186","457"
"4400|870x1,1100x1,1190x1,1240x1","{870=1, 1100=1, 1190=1, 1240=1} @4400mm (pw=4400, util=100.0%)","false","0","0","0","0.000000000","18","262","0.071425208","1","200","228.466257669","0.033937123","2.088726728",,"457","29564"
"4310|780x1,1100x1,1190x1,1240x1","{780=1, 1100=1, 1190=1, 1240=1} @4310mm (pw=4310, util=100.0%)","false","0","0","0","0.000000000","18","262","0.071425208","1","290","228.466257669","0.015991367","1.886413868",,"458","35573"
"4340|600x2,840x1,1080x1,1220x1","{600=2, 840=1, 1080=1, 1220=1} @4340mm (pw=4340, util=100.0%)","false","0","0","0","0.000000000","5","13","0.002492236","2","260","228.466257669","0.030737318","4.104097922",,"43002","458"
"4370|840x1,1050x1,1220x1,1260x1","{840=1, 1050=1, 1220=1, 1260=1} @4370mm (pw=4370, util=100.0%)","true","0","0","0","0.000000000","9","33","0.009012267","0","230","228.466257669","0.394673123","4.101289894",,"22109","459"
"4380|600x2,840x1,1100x1,1240x1","{600=2, 840=1, 1100=1, 1240=1} @4380mm (pw=4380, util=100.0%)","false","0","0","0","0.000000000","21","267","0.071380860","1","220","228.466257669","0.105638367","2.503476365",,"459","17849"
"4380|1050x2,1140x2","{1050=2, 1140=2} @4380mm (pw=4380, util=100.0%)","true","0","0","0","0.000000000","3","10","0.002596198","0","220","228.466257669","0.105638367","4.100860666",,"42151","460"
"4400|860x1,1100x1,1200x1,1240x1","{860=1, 1100=1, 1200=1, 1240=1} @4400mm (pw=4400, util=100.0%)","true","0","0","0","0.000000000","19","264","0.071379572","0","200","228.466257669","0.033937123","2.120829750",,"460","28659"
"4320|760x1,980x1,1100x1,1480x1","{760=1, 980=1, 1100=1, 1480=1} @4320mm (pw=4320, util=100.0%)","true","0","0","0","0.000000000","22","302","0.071327558","0","280","228.466257669","0.019035385","2.726863931",,"461","12666"
"4350|1000x1,1015x1,1080x1,1250x1","{1000=1, 1015=1, 1080=1, 1250=1} @4350mm (pw=4345, util=99.9%)","false","0","0","0","0.000000000","9","35","0.007957758","2","255","228.466257669","0.036319073","4.099955703",,"23531","461"
"4300|600x1,760x1,860x1,980x1,1100x1","{600=1, 760=1, 860=1, 980=1, 1100=1} @4300mm (pw=4300, util=100.0%)","false","0","0","0","0.000000000","22","305","0.071322670","1","300","228.466257669","0.013786687","2.487910548",,"462","18228"
"4320|550x1,760x1,980x1,1015x2","{550=1, 760=1, 980=1, 1015=2} @4320mm (pw=4320, util=100.0%)","false","0","0","0","0.000000000","10","102","0.016921702","1","280","228.466257669","0.019035385","4.099350332",,"13420","462"
"4330|980x1,1100x1,1125x2","{980=1, 1100=1, 1125=2} @4330mm (pw=4330, util=100.0%)","true","0","0","0","0.000000000","20","295","0.071264993","0","270","228.466257669","0.023510746","1.345464971",,"463","48410"
"4350|760x2,860x1,950x1,1015x1","{760=2, 860=1, 950=1, 1015=1} @4350mm (pw=4345, util=99.9%)","false","0","0","0","0.000000000","3","16","0.001815146","2","255","228.466257669","0.036319073","4.098868541",,"47266","463"
"4310|980x1,1100x2,1125x1","{980=1, 1100=2, 1125=1} @4310mm (pw=4305, util=99.9%)","true","0","0","0","0.000000000","20","295","0.071264993","0","295","228.466257669","0.014807413","1.456706106",,"464","46408"
"4380|1015x1,1030x1,1080x1,1250x1","{1015=1, 1030=1, 1080=1, 1250=1} @4380mm (pw=4375, util=99.9%)","false","0","0","0","0.000000000","1","6","0.002071823","3","225","228.466257669","0.223901099","4.098748935",,"45921","464"
"4330|550x1,840x1,870x1,1015x1,1050x1","{550=1, 840=1, 870=1, 1015=1, 1050=1} @4330mm (pw=4325, util=99.9%)","false","0","0","0","0.000000000","6","26","0.002876115","2","275","228.466257669","0.021037687","4.098582923",,"40334","465"
"4400|840x1,980x1,1100x1,1480x1","{840=1, 980=1, 1100=1, 1480=1} @4400mm (pw=4400, util=100.0%)","true","0","0","0","0.000000000","24","299","0.071258718","0","200","228.466257669","0.033937123","3.056357768",,"465","6874"
"4380|550x1,760x1,970x1,1015x1,1080x1","{550=1, 760=1, 970=1, 1015=1, 1080=1} @4380mm (pw=4375, util=99.9%)","false","0","0","0","0.000000000","6","37","0.004285516","2","225","228.466257669","0.223901099","4.098571757",,"32718","466"
"4380|600x1,840x1,860x1,980x1,1100x1","{600=1, 840=1, 860=1, 980=1, 1100=1} @4380mm (pw=4380, util=100.0%)","false","0","0","0","0.000000000","24","302","0.071253830","1","220","228.466257669","0.105638367","2.817404385",,"466","10806"
"4340|550x1,780x1,850x1,1060x1,1100x1","{550=1, 780=1, 850=1, 1060=1, 1100=1} @4340mm (pw=4340, util=100.0%)","false","0","0","0","0.000000000","18","330","0.071232381","1","260","228.466257669","0.030737318","1.733759703",,"467","39878"
"4380|780x1,840x1,870x2,1015x1","{780=1, 840=1, 870=2, 1015=1} @4380mm (pw=4375, util=99.9%)","false","0","0","0","0.000000000","4","9","0.001187178","3","225","228.466257669","0.223901099","4.097895825",,"51447","467"
"4300|550x1,740x1,850x1,1060x1,1100x1","{550=1, 740=1, 850=1, 1060=1, 1100=1} @4300mm (pw=4300, util=100.0%)","false","0","0","0","0.000000000","18","330","0.071232381","1","300","228.466257669","0.013786687","1.309884337",,"468","48981"
"4310|550x2,1050x1,1080x2","{550=2, 1050=1, 1080=2} @4310mm (pw=4310, util=100.0%)","false","0","0","0","0.000000000","2","17","0.001688937","1","290","228.466257669","0.015991367","4.097709642",,"47928","468"
"4360|550x1,780x1,870x1,1080x2","{550=1, 780=1, 870=1, 1080=2} @4360mm (pw=4360, util=100.0%)","false","0","0","0","0.000000000","1","13","0.000769185","3","240","228.466257669","0.079784630","4.097022544",,"52522","469"
"4360|980x1,1100x1,1140x2","{980=1, 1100=1, 1140=2} @4360mm (pw=4360, util=100.0%)","true","0","0","0","0.000000000","21","295","0.071183970","0","240","228.466257669","0.079784630","2.994026131",,"469","7803"
"4330|970x1,1080x1,1140x2","{970=1, 1080=1, 1140=2} @4330mm (pw=4330, util=100.0%)","false","0","0","0","0.000000000","5","18","0.003936759","1","270","228.466257669","0.023510746","4.095684304",,"34237","470"
"4300|980x1,1080x1,1100x1,1140x1","{980=1, 1080=1, 1100=1, 1140=1} @4300mm (pw=4300, util=100.0%)","false","0","0","0","0.000000000","21","295","0.071183970","1","300","228.466257669","0.013786687","3.364324272",,"471","3563"
"4360|950x1,1050x1,1140x1,1220x1","{950=1, 1050=1, 1140=1, 1220=1} @4360mm (pw=4360, util=100.0%)","false","0","0","0","0.000000000","4","14","0.003901255","1","240","228.466257669","0.079784630","4.094912342",,"34329","471"
"4350|860x1,1015x1,1150x1,1320x1","{860=1, 1015=1, 1150=1, 1320=1} @4350mm (pw=4345, util=99.9%)","false","0","0","0","0.000000000","3","14","0.003419540","2","255","228.466257669","0.036319073","4.094797272",,"37355","472"
"4350|960x1,1050x1,1100x1,1240x1","{960=1, 1050=1, 1100=1, 1240=1} @4350mm (pw=4350, util=100.0%)","false","0","0","0","0.000000000","18","262","0.071113433","1","250","228.466257669","0.044377893","2.411778978",,"472","20279"
"4380|600x1,760x1,860x1,1015x1,1140x1","{600=1, 760=1, 860=1, 1015=1, 1140=1} @4380mm (pw=4375, util=99.9%)","false","0","0","0","0.000000000","5","22","0.003491592","2","225","228.466257669","0.223901099","4.092441668",,"36823","473"
"4400|1010x1,1050x1,1100x1,1240x1","{1010=1, 1050=1, 1100=1, 1240=1} @4400mm (pw=4400, util=100.0%)","false","0","0","0","0.000000000","18","262","0.071113433","1","200","228.466257669","0.033937123","2.262048095",,"473","24447"
"4300|1010x1,1015x2,1260x1","{1010=1, 1015=2, 1260=1} @4300mm (pw=4300, util=100.0%)","false","0","0","0","0.000000000","3","16","0.005600280","2","300","228.466257669","0.013786687","4.089857474",,"28464","474"
"4340|950x1,1050x1,1100x1,1240x1","{950=1, 1050=1, 1100=1, 1240=1} @4340mm (pw=4340, util=100.0%)","false","0","0","0","0.000000000","18","262","0.071113433","1","260","228.466257669","0.030737318","2.864588926",,"474","9885"
"4330|940x1,1050x1,1100x1,1240x1","{940=1, 1050=1, 1100=1, 1240=1} @4330mm (pw=4330, util=100.0%)","false","0","0","0","0.000000000","18","262","0.071113433","1","270","228.466257669","0.023510746","2.055372106",,"475","30535"
"4380|950x1,1015x1,1090x1,1320x1","{950=1, 1015=1, 1090=1, 1320=1} @4380mm (pw=4375, util=99.9%)","false","0","0","0","0.000000000","3","71","0.017870627","3","225","228.466257669","0.223901099","4.089783610",,"11766","475"
"4300|910x1,1050x1,1100x1,1240x1","{910=1, 1050=1, 1100=1, 1240=1} @4300mm (pw=4300, util=100.0%)","false","0","0","0","0.000000000","18","262","0.071113433","1","300","228.466257669","0.013786687","2.055372106",,"476","30536"
"4400|550x1,860x2,1050x1,1080x1","{550=1, 860=2, 1050=1, 1080=1} @4400mm (pw=4400, util=100.0%)","false","0","0","0","0.000000000","3","21","0.002248065","1","200","228.466257669","0.033937123","4.089519391",,"44577","476"
"4350|600x1,790x1,860x1,1015x1,1080x1","{600=1, 790=1, 860=1, 1015=1, 1080=1} @4350mm (pw=4345, util=99.9%)","false","0","0","0","0.000000000","2","18","0.002158945","3","255","228.466257669","0.036319073","4.089460285",,"45288","477"
"4350|740x2,790x1,980x1,1100x1","{740=2, 790=1, 980=1, 1100=1} @4350mm (pw=4350, util=100.0%)","false","0","0","0","0.000000000","20","303","0.071107341","1","250","228.466257669","0.044377893","1.129336426",,"477","51457"
"4400|740x1,790x2,980x1,1100x1","{740=1, 790=2, 980=1, 1100=1} @4400mm (pw=4400, util=100.0%)","false","0","0","0","0.000000000","20","303","0.071107341","1","200","228.466257669","0.033937123","1.257347431",,"478","49814"
"4350|860x1,1015x1,1220x1,1250x1","{860=1, 1015=1, 1220=1, 1250=1} @4350mm (pw=4345, util=99.9%)","false","0","0","0","0.000000000","3","14","0.003936008","1","255","228.466257669","0.036319073","4.088363352",,"34267","479"
"4370|600x1,790x1,900x1,980x1,1100x1","{600=1, 790=1, 900=1, 980=1, 1100=1} @4370mm (pw=4370, util=100.0%)","false","0","0","0","0.000000000","20","303","0.071107341","2","230","228.466257669","0.394673123","1.343833826",,"479","48441"
"4300|840x2,1140x1,1480x1","{840=2, 1140=1, 1480=1} @4300mm (pw=4300, util=100.0%)","true","0","0","0","0.000000000","7","16","0.003427640","0","300","228.466257669","0.013786687","4.087279051",,"37300","480"
"4380|600x1,790x1,910x1,980x1,1100x1","{600=1, 790=1, 910=1, 980=1, 1100=1} @4380mm (pw=4380, util=100.0%)","false","0","0","0","0.000000000","20","303","0.071107341","2","220","228.466257669","0.105638367","1.343833826",,"480","48442"
"4360|600x1,790x1,890x1,980x1,1100x1","{600=1, 790=1, 890=1, 980=1, 1100=1} @4360mm (pw=4360, util=100.0%)","false","0","0","0","0.000000000","20","303","0.071107341","2","240","228.466257669","0.079784630","1.879078781",,"481","35782"
"4360|840x1,980x1,1220x1,1320x1","{840=1, 980=1, 1220=1, 1320=1} @4360mm (pw=4360, util=100.0%)","false","0","0","0","0.000000000","12","90","0.017388734","1","240","228.466257669","0.079784630","4.087151233",,"12650","481"
"4350|840x2,860x2,950x1","{840=2, 860=2, 950=1} @4350mm (pw=4350, util=100.0%)","false","0","0","0","0.000000000","5","13","0.001746306","1","250","228.466257669","0.044377893","4.086966124",,"47737","482"
"4390|740x1,780x1,790x1,980x1,1100x1","{740=1, 780=1, 790=1, 980=1, 1100=1} @4390mm (pw=4390, util=100.0%)","false","0","0","0","0.000000000","20","303","0.071107341","2","210","228.466257669","0.051370942","1.553211792",,"482","44362"
"4340|600x1,790x1,870x1,980x1,1100x1","{600=1, 790=1, 870=1, 980=1, 1100=1} @4340mm (pw=4340, util=100.0%)","false","0","0","0","0.000000000","20","303","0.071107341","2","260","228.466257669","0.030737318","2.007315140",,"483","31987"
"4340|960x1,1015x1,1140x1,1220x1","{960=1, 1015=1, 1140=1, 1220=1} @4340mm (pw=4335, util=99.9%)","false","0","0","0","0.000000000","3","10","0.002981503","2","265","228.466257669","0.026642694","4.085649338",,"39657","483"
"4340|890x1,950x1,1015x1,1480x1","{890=1, 950=1, 1015=1, 1480=1} @4340mm (pw=4335, util=99.9%)","false","0","0","0","0.000000000","1","1","0.000564016","3","265","228.466257669","0.026642694","4.084983223",,"53792","484"
"4400|850x1,1100x1,1150x1,1300x1","{850=1, 1100=1, 1150=1, 1300=1} @4400mm (pw=4400, util=100.0%)","true","0","0","0","0.000000000","19","315","0.071084455","0","200","228.466257669","0.033937123","1.441445389",,"484","46692"
"4330|550x1,1080x1,1220x1,1480x1","{550=1, 1080=1, 1220=1, 1480=1} @4330mm (pw=4330, util=100.0%)","false","0","0","0","0.000000000","3","18","0.002638258","1","270","228.466257669","0.023510746","4.083883994",,"41959","485"
"4330|980x1,1050x1,1100x1,1200x1","{980=1, 1050=1, 1100=1, 1200=1} @4330mm (pw=4330, util=100.0%)","true","0","0","0","0.000000000","21","295","0.071054038","0","270","228.466257669","0.023510746","2.180387295",,"485","26879"
"4320|780x2,840x2,1080x1","{780=2, 840=2, 1080=1} @4320mm (pw=4320, util=100.0%)","false","0","0","0","0.000000000","4","9","0.001187178","2","280","228.466257669","0.019035385","4.081079943",,"51396","486"
"4360|550x1,890x2,1015x2","{550=1, 890=2, 1015=2} @4360mm (pw=4360, util=100.0%)","false","0","0","0","0.000000000","1","13","0.000769185","2","240","228.466257669","0.079784630","4.081061011",,"52287","487"
"4390|980x1,1010x1,1100x1,1300x1","{980=1, 1010=1, 1100=1, 1300=1} @4390mm (pw=4390, util=100.0%)","false","0","0","0","0.000000000","20","293","0.071033077","1","210","228.466257669","0.051370942","1.536155988",,"487","44755"
"4320|940x1,1080x2,1220x1","{940=1, 1080=2, 1220=1} @4320mm (pw=4320, util=100.0%)","false","0","0","0","0.000000000","1","4","0.001305057","2","280","228.466257669","0.019035385","4.080441445",,"50162","488"
"4400|980x1,1015x1,1100x1,1300x1","{980=1, 1015=1, 1100=1, 1300=1} @4400mm (pw=4395, util=99.9%)","false","0","0","0","0.000000000","20","293","0.071033077","1","205","228.466257669","0.040872618","2.771167289",,"488","11739"
"4380|1015x1,1050x1,1090x1,1220x1","{1015=1, 1050=1, 1090=1, 1220=1} @4380mm (pw=4375, util=99.9%)","false","0","0","0","0.000000000","5","79","0.020095435","1","225","228.466257669","0.223901099","4.080359349",,"8361","489"
"4400|980x1,1020x1,1100x1,1300x1","{980=1, 1020=1, 1100=1, 1300=1} @4400mm (pw=4400, util=100.0%)","false","0","0","0","0.000000000","20","293","0.071033077","1","200","228.466257669","0.033937123","1.472037808",,"489","46119"
"4340|960x1,980x1,1100x1,1300x1","{960=1, 980=1, 1100=1, 1300=1} @4340mm (pw=4340, util=100.0%)","false","0","0","0","0.000000000","20","293","0.071033077","1","260","228.466257669","0.030737318","1.685886871",,"490","41110"
"4390|550x1,760x1,980x1,1015x1,1080x1","{550=1, 760=1, 980=1, 1015=1, 1080=1} @4390mm (pw=4385, util=99.9%)","false","0","0","0","0.000000000","10","102","0.016921702","2","215","228.466257669","0.069126378","4.080251170",,"13434","490"
"4330|950x1,980x1,1100x1,1300x1","{950=1, 980=1, 1100=1, 1300=1} @4330mm (pw=4330, util=100.0%)","false","0","0","0","0.000000000","20","293","0.071033077","1","270","228.466257669","0.023510746","2.138696819",,"491","28160"
"4400|1010x1,1015x1,1050x1,1320x1","{1010=1, 1015=1, 1050=1, 1320=1} @4400mm (pw=4395, util=99.9%)","false","0","0","0","0.000000000","1","4","0.000919752","3","205","228.466257669","0.040872618","4.080116601",,"52084","491"
"4320|940x1,980x1,1100x1,1300x1","{940=1, 980=1, 1100=1, 1300=1} @4320mm (pw=4320, util=100.0%)","false","0","0","0","0.000000000","20","293","0.071033077","1","280","228.466257669","0.019035385","1.329479999",,"492","48694"
"4330|860x1,970x1,1015x1,1480x1","{860=1, 970=1, 1015=1, 1480=1} @4330mm (pw=4325, util=99.9%)","false","0","0","0","0.000000000","5","17","0.003383456","1","275","228.466257669","0.021037687","4.079834848",,"37578","492"
"4350|850x1,1100x1,1125x1,1270x1","{850=1, 1100=1, 1125=1, 1270=1} @4350mm (pw=4345, util=99.9%)","true","0","0","0","0.000000000","18","314","0.070965819","0","255","228.466257669","0.036319073","1.181828157",,"493","50845"
"4390|550x1,840x1,870x1,1050x1,1080x1","{550=1, 840=1, 870=1, 1050=1, 1080=1} @4390mm (pw=4390, util=100.0%)","false","0","0","0","0.000000000","6","26","0.002876115","2","210","228.466257669","0.051370942","4.079483761",,"40318","493"
"4370|1015x1,1050x2,1250x1","{1015=1, 1050=2, 1250=1} @4370mm (pw=4365, util=99.9%)","false","0","0","0","0.000000000","2","10","0.002991575","1","235","228.466257669","0.132736156","4.078581656",,"39562","494"
"4370|550x1,740x2,1100x1,1240x1","{550=1, 740=2, 1100=1, 1240=1} @4370mm (pw=4370, util=100.0%)","false","0","0","0","0.000000000","18","271","0.070962866","1","230","228.466257669","0.394673123","1.259014456",,"494","49791"
"4380|550x2,940x1,1100x1,1240x1","{550=2, 940=1, 1100=1, 1240=1} @4380mm (pw=4380, util=100.0%)","false","0","0","0","0.000000000","18","271","0.070962866","1","220","228.466257669","0.105638367","1.311624800",,"495","48949"
"4380|760x1,860x1,870x2,1015x1","{760=1, 860=1, 870=2, 1015=1} @4380mm (pw=4375, util=99.9%)","false","0","0","0","0.000000000","3","16","0.001815146","2","225","228.466257669","0.223901099","4.078030733",,"47225","495"
"4340|980x1,1080x1,1140x2","{980=1, 1080=1, 1140=2} @4340mm (pw=4340, util=100.0%)","false","0","0","0","0.000000000","9","83","0.016572944","1","260","228.466257669","0.030737318","4.077363717",,"14031","496"
"4390|550x2,950x1,1100x1,1240x1","{550=2, 950=1, 1100=1, 1240=1} @4390mm (pw=4390, util=100.0%)","false","0","0","0","0.000000000","18","271","0.070962866","1","210","228.466257669","0.051370942","2.120841620",,"496","28658"
"4350|550x2,910x1,1100x1,1240x1","{550=2, 910=1, 1100=1, 1240=1} @4350mm (pw=4350, util=100.0%)","false","0","0","0","0.000000000","18","271","0.070962866","1","250","228.466257669","0.044377893","1.311624800",,"497","48950"
"4390|780x1,840x1,860x1,890x1,1015x1","{780=1, 840=1, 860=1, 890=1, 1015=1} @4390mm (pw=4385, util=99.9%)","false","0","0","0","0.000000000","5","13","0.001746306","3","215","228.466257669","0.069126378","4.076975351",,"47857","497"
"4340|840x3,870x1,950x1","{840=3, 870=1, 950=1} @4340mm (pw=4340, util=100.0%)","false","0","0","0","0.000000000","4","9","0.001187178","2","260","228.466257669","0.030737318","4.076930494",,"51382","498"
"4400|550x2,960x1,1100x1,1240x1","{550=2, 960=1, 1100=1, 1240=1} @4400mm (pw=4400, util=100.0%)","false","0","0","0","0.000000000","18","271","0.070962866","1","200","228.466257669","0.033937123","1.668031673",,"498","41527"
"4340|550x2,900x1,1100x1,1240x1","{550=2, 900=1, 1100=1, 1240=1} @4340mm (pw=4340, util=100.0%)","false","0","0","0","0.000000000","18","271","0.070962866","1","260","228.466257669","0.030737318","1.311624800",,"499","48951"
"4360|760x1,1140x2,1320x1","{760=1, 1140=2, 1320=1} @4360mm (pw=4360, util=100.0%)","false","0","0","0","0.000000000","4","18","0.002932464","1","240","228.466257669","0.079784630","4.076776566",,"39997","499"
"4330|550x2,890x1,1100x1,1240x1","{550=2, 890=1, 1100=1, 1240=1} @4330mm (pw=4330, util=100.0%)","false","0","0","0","0.000000000","18","271","0.070962866","1","270","228.466257669","0.023510746","1.846869755",,"500","36729"
"4380|600x1,760x1,950x1,1015x1,1050x1","{600=1, 760=1, 950=1, 1015=1, 1050=1} @4380mm (pw=4375, util=99.9%)","false","0","0","0","0.000000000","3","16","0.002175770","3","225","228.466257669","0.223901099","4.076711648",,"45033","500"
"4310|550x2,870x1,1100x1,1240x1","{550=2, 870=1, 1100=1, 1240=1} @4310mm (pw=4310, util=100.0%)","false","0","0","0","0.000000000","18","271","0.070962866","1","290","228.466257669","0.015991367","1.975106114",,"501","32927"
"4310|870x1,1080x2,1280x1","{870=1, 1080=2, 1280=1} @4310mm (pw=4310, util=100.0%)","false","0","0","0","0.000000000","1","6","0.002202643","2","290","228.466257669","0.015991367","4.075714122",,"44841","501"
"4320|950x1,1015x1,1080x1,1270x1","{950=1, 1015=1, 1080=1, 1270=1} @4320mm (pw=4315, util=99.9%)","false","0","0","0","0.000000000","1","7","0.002509860","3","285","228.466257669","0.017381105","4.074599248",,"42952","502"
"4380|550x1,600x1,890x1,1100x1,1240x1","{550=1, 600=1, 890=1, 1100=1, 1240=1} @4380mm (pw=4380, util=100.0%)","false","0","0","0","0.000000000","18","271","0.070962866","2","220","228.466257669","0.105638367","2.008756811",,"502","31934"
"4330|790x1,1080x1,1140x1,1320x1","{790=1, 1080=1, 1140=1, 1320=1} @4330mm (pw=4330, util=100.0%)","false","0","0","0","0.000000000","3","20","0.003276263","2","270","228.466257669","0.023510746","4.073795183",,"38233","503"
"4360|550x1,600x1,870x1,1100x1,1240x1","{550=1, 600=1, 870=1, 1100=1, 1240=1} @4360mm (pw=4360, util=100.0%)","false","0","0","0","0.000000000","18","271","0.070962866","2","240","228.466257669","0.079784630","2.136993170",,"503","28215"
"4320|970x1,1015x1,1080x1,1250x1","{970=1, 1015=1, 1080=1, 1250=1} @4320mm (pw=4315, util=99.9%)","false","0","0","0","0.000000000","4","18","0.004332136","2","285","228.466257669","0.017381105","4.073405294",,"32519","504"
"4390|550x1,600x1,900x1,1100x1,1240x1","{550=1, 600=1, 900=1, 1100=1, 1240=1} @4390mm (pw=4390, util=100.0%)","false","0","0","0","0.000000000","18","271","0.070962866","2","210","228.466257669","0.051370942","1.473511856",,"504","46085"
"4340|550x1,840x1,850x1,1015x1,1080x1","{550=1, 840=1, 850=1, 1015=1, 1080=1} @4340mm (pw=4335, util=99.9%)","false","0","0","0","0.000000000","9","111","0.014043828","2","265","228.466257669","0.026642694","4.073010589",,"18215","505"
"4400|550x1,600x1,910x1,1100x1,1240x1","{550=1, 600=1, 910=1, 1100=1, 1240=1} @4400mm (pw=4400, util=100.0%)","false","0","0","0","0.000000000","18","271","0.070962866","2","200","228.466257669","0.033937123","1.473511856",,"505","46086"
"4310|550x1,840x1,850x1,970x1,1100x1","{550=1, 840=1, 850=1, 970=1, 1100=1} @4310mm (pw=4310, util=100.0%)","true","0","0","0","0.000000000","24","335","0.070915166","0","290","228.466257669","0.015991367","2.116501915",,"506","28772"
"4340|1050x1,1080x2,1125x1","{1050=1, 1080=2, 1125=1} @4340mm (pw=4335, util=99.9%)","false","0","0","0","0.000000000","2","10","0.002677221","1","265","228.466257669","0.026642694","4.071326008",,"41873","506"
"4370|1010x1,1015x1,1080x1,1260x1","{1010=1, 1015=1, 1080=1, 1260=1} @4370mm (pw=4365, util=99.9%)","false","0","0","0","0.000000000","3","16","0.005600280","3","235","228.466257669","0.132736156","4.070758312",,"28483","507"
"4380|550x2,980x1,1100x1,1200x1","{550=2, 980=1, 1100=1, 1200=1} @4380mm (pw=4380, util=100.0%)","true","0","0","0","0.000000000","21","304","0.070903472","0","220","228.466257669","0.105638367","1.436639990",,"507","46804"
"4300|850x1,1050x1,1080x1,1320x1","{850=1, 1050=1, 1080=1, 1320=1} @4300mm (pw=4300, util=100.0%)","false","0","0","0","0.000000000","5","93","0.013007216","2","300","228.466257669","0.013786687","4.067802647",,"19539","508"
"4360|850x1,1100x1,1140x1,1270x1","{850=1, 1100=1, 1140=1, 1270=1} @4360mm (pw=4360, util=100.0%)","true","0","0","0","0.000000000","19","314","0.070884796","0","240","228.466257669","0.079784630","2.006108737",,"508","32023"
"4340|980x1,1100x1,1130x2","{980=1, 1100=1, 1130=2} @4340mm (pw=4340, util=100.0%)","true","0","0","0","0.000000000","21","294","0.070882661","0","260","228.466257669","0.030737318","1.656837455",,"509","41822"
"4350|600x1,760x1,960x1,1015x2","{600=1, 760=1, 960=1, 1015=2} @4350mm (pw=4350, util=100.0%)","false","0","0","0","0.000000000","2","12","0.001256018","3","250","228.466257669","0.044377893","4.067448645",,"50574","509"
"4360|840x4,1000x1","{840=4, 1000=1} @4360mm (pw=4360, util=100.0%)","true","0","0","0","0.000000000","12","38","0.007073113","0","240","228.466257669","0.079784630","4.067376425",,"25146","510"
"4300|1030x1,1050x1,1080x1,1140x1","{1030=1, 1050=1, 1080=1, 1140=1} @4300mm (pw=4300, util=100.0%)","false","0","0","0","0.000000000","3","10","0.002596198","2","300","228.466257669","0.013786687","4.066878304",,"42169","511"
"4320|850x1,1100x1,1150x1,1220x1","{850=1, 1100=1, 1150=1, 1220=1} @4320mm (pw=4320, util=100.0%)","true","0","0","0","0.000000000","19","315","0.070863959","0","280","228.466257669","0.019035385","2.236676736",,"511","25173"
"4350|550x1,860x2,980x1,1100x1","{550=1, 860=2, 980=1, 1100=1} @4350mm (pw=4350, util=100.0%)","true","0","0","0","0.000000000","21","306","0.070835837","0","250","228.466257669","0.044377893","2.558237075",,"512","16541"
"4360|550x1,780x1,1000x1,1015x2","{550=1, 780=1, 1000=1, 1015=2} @4360mm (pw=4360, util=100.0%)","false","0","0","0","0.000000000","9","42","0.006655120","2","240","228.466257669","0.079784630","4.066806165",,"25843","512"
"4380|550x1,860x1,890x1,980x1,1100x1","{550=1, 860=1, 890=1, 980=1, 1100=1} @4380mm (pw=4380, util=100.0%)","false","0","0","0","0.000000000","21","306","0.070835837","1","220","228.466257669","0.105638367","2.322684831",,"513","22708"
"4400|960x1,1080x1,1140x1,1220x1","{960=1, 1080=1, 1140=1, 1220=1} @4400mm (pw=4400, util=100.0%)","false","0","0","0","0.000000000","3","10","0.002981503","2","200","228.466257669","0.033937123","4.066550176",,"39651","513"
"4360|550x1,860x1,870x1,980x1,1100x1","{550=1, 860=1, 870=1, 980=1, 1100=1} @4360mm (pw=4360, util=100.0%)","false","0","0","0","0.000000000","21","306","0.070835837","1","240","228.466257669","0.079784630","2.450921190",,"514","19180"
"4390|550x1,860x1,900x1,980x1,1100x1","{550=1, 860=1, 900=1, 980=1, 1100=1} @4390mm (pw=4390, util=100.0%)","false","0","0","0","0.000000000","21","306","0.070835837","1","210","228.466257669","0.051370942","1.787439876",,"515","38435"
"4400|890x1,950x1,1080x1,1480x1","{890=1, 950=1, 1080=1, 1480=1} @4400mm (pw=4400, util=100.0%)","false","0","0","0","0.000000000","1","1","0.000564016","3","200","228.466257669","0.033937123","4.065884060",,"53772","515"
"4330|1050x1,1060x1,1080x1,1140x1","{1050=1, 1060=1, 1080=1, 1140=1} @4330mm (pw=4330, util=100.0%)","false","0","0","0","0.000000000","4","26","0.006360903","1","270","228.466257669","0.023510746","4.065701450",,"26686","516"
"4400|550x1,860x1,910x1,980x1,1100x1","{550=1, 860=1, 910=1, 980=1, 1100=1} @4400mm (pw=4400, util=100.0%)","false","0","0","0","0.000000000","21","306","0.070835837","1","200","228.466257669","0.033937123","1.787439876",,"516","38436"
"4320|780x1,1100x1,1200x1,1240x1","{780=1, 1100=1, 1200=1, 1240=1} @4320mm (pw=4320, util=100.0%)","false","0","0","0","0.000000000","18","260","0.070820444","1","280","228.466257669","0.019035385","1.811201005",,"517","37757"
"4390|550x1,780x1,1015x2,1030x1","{550=1, 780=1, 1015=2, 1030=1} @4390mm (pw=4390, util=100.0%)","false","0","0","0","0.000000000","1","13","0.000769185","3","210","228.466257669","0.051370942","4.065599397",,"52584","517"
"4340|1000x2,1015x1,1320x1","{1000=2, 1015=1, 1320=1} @4340mm (pw=4335, util=99.9%)","false","0","0","0","0.000000000","8","29","0.005885935","2","265","228.466257669","0.026642694","4.065433487",,"27578","518"
"4370|980x1,1070x1,1100x1,1220x1","{980=1, 1070=1, 1100=1, 1220=1} @4370mm (pw=4370, util=100.0%)","false","0","0","0","0.000000000","20","293","0.070812581","1","230","228.466257669","0.394673123","2.560076436",,"519","16498"
"4390|600x2,950x1,1015x1,1220x1","{600=2, 950=1, 1015=1, 1220=1} @4390mm (pw=4385, util=99.9%)","false","0","0","0","0.000000000","1","4","0.001305057","3","215","228.466257669","0.069126378","4.064336451",,"50198","519"
"4370|1000x1,1015x1,1030x1,1320x1","{1000=1, 1015=1, 1030=1, 1320=1} @4370mm (pw=4365, util=99.9%)","false","0","0","0","0.000000000","8","29","0.005885935","3","235","228.466257669","0.132736156","4.064226720",,"27603","520"
"4380|980x1,1080x1,1100x1,1220x1","{980=1, 1080=1, 1100=1, 1220=1} @4380mm (pw=4380, util=100.0%)","false","0","0","0","0.000000000","20","293","0.070812581","1","220","228.466257669","0.105638367","3.547299474",,"520","2277"
"4330|980x1,1030x1,1100x1,1220x1","{980=1, 1030=1, 1100=1, 1220=1} @4330mm (pw=4330, util=100.0%)","false","0","0","0","0.000000000","20","293","0.070812581","1","270","228.466257669","0.023510746","2.718571190",,"521","12861"
"4340|740x1,840x3,1080x1","{740=1, 840=3, 1080=1} @4340mm (pw=4340, util=100.0%)","false","0","0","0","0.000000000","4","9","0.001187178","2","260","228.466257669","0.030737318","4.064113576",,"51378","521"
"4320|980x1,1020x1,1100x1,1220x1","{980=1, 1020=1, 1100=1, 1220=1} @4320mm (pw=4320, util=100.0%)","false","0","0","0","0.000000000","20","293","0.070812581","1","280","228.466257669","0.019035385","2.267269156",,"522","24291"
"4350|780x1,840x3,1050x1","{780=1, 840=3, 1050=1} @4350mm (pw=4350, util=100.0%)","false","0","0","0","0.000000000","5","13","0.002106930","1","250","228.466257669","0.044377893","4.063541160",,"45594","522"
"4320|980x1,1015x1,1100x1,1220x1","{980=1, 1015=1, 1100=1, 1220=1} @4320mm (pw=4315, util=99.9%)","false","0","0","0","0.000000000","20","293","0.070812581","1","285","228.466257669","0.017381105","3.566398637",,"523","2186"
"4340|840x1,1080x1,1100x1,1320x1","{840=1, 1080=1, 1100=1, 1320=1} @4340mm (pw=4340, util=100.0%)","false","0","0","0","0.000000000","16","221","0.055798204","2","260","228.466257669","0.030737318","4.063529099",,"3278","523"
"4310|980x1,1010x1,1100x1,1220x1","{980=1, 1010=1, 1100=1, 1220=1} @4310mm (pw=4310, util=100.0%)","false","0","0","0","0.000000000","20","293","0.070812581","1","290","228.466257669","0.015991367","2.331387336",,"524","22477"
"4400|1000x1,1015x1,1060x1,1320x1","{1000=1, 1015=1, 1060=1, 1320=1} @4400mm (pw=4395, util=99.9%)","false","0","0","0","0.000000000","9","45","0.009650641","2","205","228.466257669","0.040872618","4.063049866",,"21586","524"
"4300|600x1,1080x1,1140x1,1480x1","{600=1, 1080=1, 1140=1, 1480=1} @4300mm (pw=4300, util=100.0%)","false","0","0","0","0.000000000","3","7","0.002240462","2","300","228.466257669","0.013786687","4.062795848",,"44635","525"
"4360|760x3,980x1,1100x1","{760=3, 980=1, 1100=1} @4360mm (pw=4360, util=100.0%)","true","0","0","0","0.000000000","21","301","0.070763542","0","240","228.466257669","0.079784630","2.505197007",,"525","17802"
"4350|600x1,860x2,950x1,1080x1","{600=1, 860=2, 950=1, 1080=1} @4350mm (pw=4350, util=100.0%)","false","0","0","0","0.000000000","1","4","0.000559128","3","250","228.466257669","0.044377893","4.062482921",,"54042","526"
"4380|760x2,780x1,980x1,1100x1","{760=2, 780=1, 980=1, 1100=1} @4380mm (pw=4380, util=100.0%)","false","0","0","0","0.000000000","21","301","0.070763542","1","220","228.466257669","0.105638367","2.427781845",,"526","19814"
"4350|550x1,600x1,860x1,1015x1,1320x1","{550=1, 600=1, 860=1, 1015=1, 1320=1} @4350mm (pw=4345, util=99.9%)","false","0","0","0","0.000000000","2","17","0.001328313","3","255","228.466257669","0.036319073","4.062377560",,"50012","527"
"4400|760x1,780x2,980x1,1100x1","{760=1, 780=2, 980=1, 1100=1} @4400mm (pw=4400, util=100.0%)","false","0","0","0","0.000000000","21","301","0.070763542","1","200","228.466257669","0.033937123","2.350366682",,"527","21945"
"4330|860x1,1070x1,1080x1,1320x1","{860=1, 1070=1, 1080=1, 1320=1} @4330mm (pw=4330, util=100.0%)","false","0","0","0","0.000000000","1","4","0.000559128","3","270","228.466257669","0.023510746","4.062363392",,"54127","528"
"4340|740x1,760x2,980x1,1100x1","{740=1, 760=2, 980=1, 1100=1} @4340mm (pw=4340, util=100.0%)","false","0","0","0","0.000000000","21","301","0.070763542","1","260","228.466257669","0.030737318","2.003906478",,"528","32077"
"4320|740x2,760x1,980x1,1100x1","{740=2, 760=1, 980=1, 1100=1} @4320mm (pw=4320, util=100.0%)","false","0","0","0","0.000000000","21","301","0.070763542","1","280","228.466257669","0.019035385","1.502615950",,"529","45457"
"4390|970x1,1015x1,1140x1,1260x1","{970=1, 1015=1, 1140=1, 1260=1} @4390mm (pw=4385, util=99.9%)","false","0","0","0","0.000000000","8","34","0.009537039","1","215","228.466257669","0.069126378","4.062300384",,"21665","529"
"4340|860x1,980x1,1015x1,1480x1","{860=1, 980=1, 1015=1, 1480=1} @4340mm (pw=4335, util=99.9%)","false","0","0","0","0.000000000","9","82","0.016019642","1","265","228.466257669","0.026642694","4.061514261",,"15190","530"
"4380|600x1,760x1,940x1,980x1,1100x1","{600=1, 760=1, 940=1, 980=1, 1100=1} @4380mm (pw=4380, util=100.0%)","false","0","0","0","0.000000000","21","301","0.070763542","2","220","228.466257669","0.105638367","1.717113350",,"530","40282"
"4340|760x1,1140x1,1220x2","{760=1, 1140=1, 1220=2} @4340mm (pw=4340, util=100.0%)","true","0","0","0","0.000000000","5","22","0.004237521","0","260","228.466257669","0.030737318","4.061403981",,"32910","531"
"4360|740x1,760x1,780x1,980x1,1100x1","{740=1, 760=1, 780=1, 980=1, 1100=1} @4360mm (pw=4360, util=100.0%)","false","0","0","0","0.000000000","21","301","0.070763542","2","240","228.466257669","0.079784630","1.926491316",,"531","34370"
"4320|760x1,780x1,840x1,860x1,1080x1","{760=1, 780=1, 840=1, 860=1, 1080=1} @4320mm (pw=4320, util=100.0%)","false","0","0","0","0.000000000","7","25","0.003002325","2","280","228.466257669","0.019035385","4.061214850",,"39497","532"
"4390|600x1,760x1,950x1,980x1,1100x1","{600=1, 760=1, 950=1, 980=1, 1100=1} @4390mm (pw=4390, util=100.0%)","false","0","0","0","0.000000000","21","301","0.070763542","2","210","228.466257669","0.051370942","2.526330170",,"532","17265"
"4300|840x1,1080x1,1140x1,1240x1","{840=1, 1080=1, 1140=1, 1240=1} @4300mm (pw=4300, util=100.0%)","false","0","0","0","0.000000000","11","61","0.018446280","1","300","228.466257669","0.013786687","4.060936786",,"10855","533"
"4350|600x1,760x1,910x1,980x1,1100x1","{600=1, 760=1, 910=1, 980=1, 1100=1} @4350mm (pw=4350, util=100.0%)","false","0","0","0","0.000000000","21","301","0.070763542","2","250","228.466257669","0.044377893","1.717113350",,"533","40283"
"4330|600x1,840x2,1015x1,1030x1","{600=1, 840=2, 1015=1, 1030=1} @4330mm (pw=4325, util=99.9%)","false","0","0","0","0.000000000","4","9","0.001187178","3","275","228.466257669","0.021037687","4.060785616",,"51630","534"
"4400|600x1,760x1,960x1,980x1,1100x1","{600=1, 760=1, 960=1, 980=1, 1100=1} @4400mm (pw=4400, util=100.0%)","false","0","0","0","0.000000000","21","301","0.070763542","2","200","228.466257669","0.033937123","2.073520222",,"534","29996"
"4340|600x1,760x1,900x1,980x1,1100x1","{600=1, 760=1, 900=1, 980=1, 1100=1} @4340mm (pw=4340, util=100.0%)","false","0","0","0","0.000000000","21","301","0.070763542","2","260","228.466257669","0.030737318","1.717113350",,"535","40284"
"4390|860x1,970x1,1080x1,1480x1","{860=1, 970=1, 1080=1, 1480=1} @4390mm (pw=4390, util=100.0%)","false","0","0","0","0.000000000","5","17","0.003383456","1","210","228.466257669","0.051370942","4.060735686",,"37575","535"
"4310|950x1,1060x1,1080x1,1220x1","{950=1, 1060=1, 1080=1, 1220=1} @4310mm (pw=4310, util=100.0%)","false","0","0","0","0.000000000","2","20","0.005069763","2","290","228.466257669","0.015991367","4.059753126",,"29932","536"
"4330|600x1,760x1,890x1,980x1,1100x1","{600=1, 760=1, 890=1, 980=1, 1100=1} @4330mm (pw=4330, util=100.0%)","false","0","0","0","0.000000000","21","301","0.070763542","2","270","228.466257669","0.023510746","2.252358305",,"536","24734"
"4310|600x1,760x1,870x1,980x1,1100x1","{600=1, 760=1, 870=1, 980=1, 1100=1} @4310mm (pw=4310, util=100.0%)","false","0","0","0","0.000000000","21","301","0.070763542","2","290","228.466257669","0.015991367","2.380594664",,"537","21078"
"4360|600x1,840x2,1015x1,1060x1","{600=1, 840=2, 1015=1, 1060=1} @4360mm (pw=4355, util=99.9%)","false","0","0","0","0.000000000","5","25","0.004951884","2","245","228.466257669","0.057032890","4.059608762",,"30390","537"
"4310|790x1,1080x1,1220x2","{790=1, 1080=1, 1220=2} @4310mm (pw=4310, util=100.0%)","false","0","0","0","0.000000000","2","18","0.002904874","1","290","228.466257669","0.015991367","4.058422598",,"40182","538"
"4350|870x1,1015x1,1220x1,1240x1","{870=1, 1015=1, 1220=1, 1240=1} @4350mm (pw=4345, util=99.9%)","false","0","0","0","0.000000000","6","50","0.016887713","2","255","228.466257669","0.036319073","4.058415010",,"13541","539"
"4400|600x2,860x1,1100x1,1240x1","{600=2, 860=1, 1100=1, 1240=1} @4400mm (pw=4400, util=100.0%)","false","0","0","0","0.000000000","18","262","0.070752809","1","200","228.466257669","0.033937123","2.406196110",,"539","20412"
"4340|760x1,790x1,840x1,850x1,1100x1","{760=1, 790=1, 840=1, 850=1, 1100=1} @4340mm (pw=4340, util=100.0%)","true","0","0","0","0.000000000","23","336","0.070741504","0","260","228.466257669","0.030737318","2.124676902",,"540","28567"
"4390|760x1,860x2,890x1,1015x1","{760=1, 860=2, 890=1, 1015=1} @4390mm (pw=4385, util=99.9%)","false","0","0","0","0.000000000","3","16","0.001815146","2","215","228.466257669","0.069126378","4.057110259",,"47247","540"
"4320|860x1,1080x2,1300x1","{860=1, 1080=2, 1300=1} @4320mm (pw=4320, util=100.0%)","false","0","0","0","0.000000000","2","8","0.002084681","1","280","228.466257669","0.019035385","4.056007295",,"45681","541"
"4350|760x3,1015x1,1050x1","{760=3, 1015=1, 1050=1} @4350mm (pw=4345, util=99.9%)","false","0","0","0","0.000000000","3","16","0.002175770","1","255","228.466257669","0.036319073","4.055578485",,"44970","542"
"4350|980x1,1080x1,1100x1,1190x1","{980=1, 1080=1, 1100=1, 1190=1} @4350mm (pw=4350, util=100.0%)","false","0","0","0","0.000000000","20","293","0.070739051","1","250","228.466257669","0.044377893","2.680047939",,"542","13634"
"4340|980x1,1070x1,1100x1,1190x1","{980=1, 1070=1, 1100=1, 1190=1} @4340mm (pw=4340, util=100.0%)","false","0","0","0","0.000000000","20","293","0.070739051","1","260","228.466257669","0.030737318","1.692824901",,"543","40932"
"4380|950x1,1080x2,1270x1","{950=1, 1080=2, 1270=1} @4380mm (pw=4380, util=100.0%)","false","0","0","0","0.000000000","1","7","0.002509860","2","220","228.466257669","0.105638367","4.055500086",,"42804","543"
"4300|980x1,1030x1,1100x1,1190x1","{980=1, 1030=1, 1100=1, 1190=1} @4300mm (pw=4300, util=100.0%)","false","0","0","0","0.000000000","20","293","0.070739051","1","300","228.466257669","0.013786687","1.851319655",,"544","36580"
"4310|550x1,840x1,950x2,1015x1","{550=1, 840=1, 950=2, 1015=1} @4310mm (pw=4305, util=99.9%)","false","0","0","0","0.000000000","5","22","0.001956364","2","295","228.466257669","0.014807413","4.055394904",,"46681","544"
"4330|980x1,1015x1,1080x1,1250x1","{980=1, 1015=1, 1080=1, 1250=1} @4330mm (pw=4325, util=99.9%)","false","0","0","0","0.000000000","8","83","0.016968322","2","275","228.466257669","0.021037687","4.055084708",,"13347","545"
"4360|600x1,840x2,980x1,1100x1","{600=1, 840=2, 980=1, 1100=1} @4360mm (pw=4360, util=100.0%)","false","0","0","0","0.000000000","23","298","0.070694702","1","240","228.466257669","0.079784630","2.914684640",,"545","8993"
"4350|760x1,1015x1,1250x1,1320x1","{760=1, 1015=1, 1250=1, 1320=1} @4350mm (pw=4345, util=99.9%)","false","0","0","0","0.000000000","3","18","0.003327842","2","255","228.466257669","0.036319073","4.054497556",,"37905","546"
"4400|740x2,840x1,980x1,1100x1","{740=2, 840=1, 980=1, 1100=1} @4400mm (pw=4400, util=100.0%)","false","0","0","0","0.000000000","23","298","0.070694702","1","200","228.466257669","0.033937123","1.832109787",,"546","37145"
"4360|780x1,1015x1,1240x1,1320x1","{780=1, 1015=1, 1240=1, 1320=1} @4360mm (pw=4355, util=99.9%)","false","0","0","0","0.000000000","5","46","0.015582656","3","245","228.466257669","0.057032890","4.054449937",,"15974","547"
"4390|600x1,840x1,870x1,980x1,1100x1","{600=1, 840=1, 870=1, 980=1, 1100=1} @4390mm (pw=4390, util=100.0%)","false","0","0","0","0.000000000","23","298","0.070694702","2","210","228.466257669","0.051370942","2.710088501",,"547","13015"
"4300|600x1,780x1,840x1,980x1,1100x1","{600=1, 780=1, 840=1, 980=1, 1100=1} @4300mm (pw=4300, util=100.0%)","false","0","0","0","0.000000000","23","298","0.070694702","2","300","228.466257669","0.013786687","2.507775641",,"548","17729"
"4380|970x1,1080x2,1250x1","{970=1, 1080=2, 1250=1} @4380mm (pw=4380, util=100.0%)","false","0","0","0","0.000000000","4","18","0.004332136","1","220","228.466257669","0.105638367","4.054306132",,"32503","548"
"4360|850x1,1100x1,1125x1,1280x1","{850=1, 1100=1, 1125=1, 1280=1} @4360mm (pw=4355, util=99.9%)","true","0","0","0","0.000000000","18","313","0.070658602","0","245","228.466257669","0.057032890","1.347777699",,"549","48373"
"4400|550x1,840x1,850x1,1080x2","{550=1, 840=1, 850=1, 1080=2} @4400mm (pw=4400, util=100.0%)","false","0","0","0","0.000000000","9","111","0.014043828","1","200","228.466257669","0.033937123","4.053911427",,"18196","549"
"4340|600x1,840x1,870x1,950x1,1080x1","{600=1, 840=1, 870=1, 950=1, 1080=1} @4340mm (pw=4340, util=100.0%)","false","0","0","0","0.000000000","4","9","0.001187178","4","260","228.466257669","0.030737318","4.052447291",,"51827","550"
"4350|850x1,1100x1,1130x1,1270x1","{850=1, 1100=1, 1130=1, 1270=1} @4350mm (pw=4350, util=100.0%)","true","0","0","0","0.000000000","19","313","0.070583487","0","250","228.466257669","0.044377893","1.337514399",,"550","48567"
"4350|600x1,850x1,870x1,1015x2","{600=1, 850=1, 870=1, 1015=2} @4350mm (pw=4350, util=100.0%)","false","0","0","0","0.000000000","4","89","0.012087464","3","250","228.466257669","0.044377893","4.049400667",,"20439","551"
"4370|850x1,1100x1,1140x1,1280x1","{850=1, 1100=1, 1140=1, 1280=1} @4370mm (pw=4370, util=100.0%)","true","0","0","0","0.000000000","19","313","0.070577579","0","230","228.466257669","0.394673123","2.172058279",,"551","27147"
"4310|600x1,790x1,850x1,970x1,1100x1","{600=1, 790=1, 850=1, 970=1, 1100=1} @4310mm (pw=4310, util=100.0%)","false","0","0","0","0.000000000","20","327","0.070558619","1","290","228.466257669","0.015991367","1.575615610",,"552","43806"
"4360|760x1,780x1,790x1,1015x2","{760=1, 780=1, 790=1, 1015=2} @4360mm (pw=4360, util=100.0%)","false","0","0","0","0.000000000","3","26","0.002855836","2","240","228.466257669","0.079784630","4.048430743",,"40647","552"
"4300|870x2,1080x1,1480x1","{870=2, 1080=1, 1480=1} @4300mm (pw=4300, util=100.0%)","false","0","0","0","0.000000000","1","1","0.000564016","2","300","228.466257669","0.013786687","4.048384913",,"53700","553"
"4330|850x1,1100x1,1125x1,1250x1","{850=1, 1100=1, 1125=1, 1250=1} @4330mm (pw=4325, util=99.9%)","true","0","0","0","0.000000000","18","313","0.070527782","0","275","228.466257669","0.021037687","1.421334821",,"553","47067"
"4380|760x1,840x1,870x1,890x1,1015x1","{760=1, 840=1, 870=1, 890=1, 1015=1} @4380mm (pw=4375, util=99.9%)","false","0","0","0","0.000000000","6","21","0.002443197","3","225","228.466257669","0.223901099","4.047074629",,"43449","554"
"4390|550x1,760x1,850x1,1100x1,1125x1","{550=1, 760=1, 850=1, 1100=1, 1125=1} @4390mm (pw=4385, util=99.9%)","true","0","0","0","0.000000000","20","332","0.070481163","0","215","228.466257669","0.069126378","1.446501283",,"554","46584"
"4330|550x1,1140x1,1320x2","{550=1, 1140=1, 1320=2} @4330mm (pw=4330, util=100.0%)","false","0","0","0","0.000000000","3","19","0.002445631","1","270","228.466257669","0.023510746","4.046712458",,"43113","555"
"4330|850x1,1060x1,1100x1,1320x1","{850=1, 1060=1, 1100=1, 1320=1} @4330mm (pw=4330, util=100.0%)","false","0","0","0","0.000000000","17","317","0.070463195","1","270","228.466257669","0.023510746","2.579007704",,"555","16030"
"4390|600x1,780x1,850x1,1060x1,1100x1","{600=1, 780=1, 850=1, 1060=1, 1100=1} @4390mm (pw=4390, util=100.0%)","false","0","0","0","0.000000000","17","317","0.070463195","2","210","228.466257669","0.051370942","1.895646759",,"556","35291"
"4400|1000x2,1080x1,1320x1","{1000=2, 1080=1, 1320=1} @4400mm (pw=4400, util=100.0%)","false","0","0","0","0.000000000","8","29","0.005885935","2","200","228.466257669","0.033937123","4.046334325",,"27568","556"
"4350|600x1,740x1,850x1,1060x1,1100x1","{600=1, 740=1, 850=1, 1060=1, 1100=1} @4350mm (pw=4350, util=100.0%)","false","0","0","0","0.000000000","17","317","0.070463195","2","250","228.466257669","0.044377893","1.471771393",,"557","46123"
"4360|550x1,760x1,890x1,1080x2","{550=1, 760=1, 890=1, 1080=2} @4360mm (pw=4360, util=100.0%)","false","0","0","0","0.000000000","3","25","0.002025204","2","240","228.466257669","0.079784630","4.046201348",,"46089","557"
"4340|850x1,1100x1,1140x1,1250x1","{850=1, 1100=1, 1140=1, 1250=1} @4340mm (pw=4340, util=100.0%)","true","0","0","0","0.000000000","19","313","0.070446759","0","260","228.466257669","0.030737318","2.245615401",,"558","24920"
"4370|550x1,740x1,1015x2,1050x1","{550=1, 740=1, 1015=2, 1050=1} @4370mm (pw=4370, util=100.0%)","false","0","0","0","0.000000000","2","17","0.001688937","2","230","228.466257669","0.394673123","4.046004534",,"47931","558"
"4310|1000x1,1015x2,1280x1","{1000=1, 1015=2, 1280=1} @4310mm (pw=4310, util=100.0%)","false","0","0","0","0.000000000","9","35","0.008088578","1","290","228.466257669","0.015991367","4.045497743",,"23290","559"
"4330|600x2,980x1,1050x1,1100x1","{600=2, 980=1, 1050=1, 1100=1} @4330mm (pw=4330, util=100.0%)","false","0","0","0","0.000000000","20","293","0.070427275","1","270","228.466257669","0.023510746","2.465753655",,"559","18775"
"4340|1015x2,1030x1,1280x1","{1015=2, 1030=1, 1280=1} @4340mm (pw=4340, util=100.0%)","false","0","0","0","0.000000000","1","6","0.002202643","2","260","228.466257669","0.030737318","4.044290976",,"44820","560"
"4400|550x1,760x1,850x1,1100x1,1140x1","{550=1, 760=1, 850=1, 1100=1, 1140=1} @4400mm (pw=4400, util=100.0%)","true","0","0","0","0.000000000","21","332","0.070400139","0","200","228.466257669","0.033937123","2.270781863",,"560","24167"
"4390|550x1,740x1,850x1,1100x1,1150x1","{550=1, 740=1, 850=1, 1100=1, 1150=1} @4390mm (pw=4390, util=100.0%)","false","0","0","0","0.000000000","19","324","0.070328087","1","210","228.466257669","0.051370942","1.165901156",,"561","51042"
"4400|980x1,1015x1,1140x1,1260x1","{980=1, 1015=1, 1140=1, 1260=1} @4400mm (pw=4395, util=99.9%)","false","0","0","0","0.000000000","12","99","0.022173224","1","205","228.466257669","0.040872618","4.043979798",,"6671","561"
"4330|550x1,850x1,860x1,970x1,1100x1","{550=1, 850=1, 860=1, 970=1, 1100=1} @4330mm (pw=4330, util=100.0%)","true","0","0","0","0.000000000","21","330","0.070287115","0","270","228.466257669","0.023510746","2.019221660",,"562","31616"
"4350|760x1,840x2,860x1,1050x1","{760=1, 840=2, 860=1, 1050=1} @4350mm (pw=4350, util=100.0%)","true","0","0","0","0.000000000","8","29","0.003922076","0","250","228.466257669","0.044377893","4.043676068",,"34276","562"
"4360|600x1,760x2,1015x1,1220x1","{600=1, 760=2, 1015=1, 1220=1} @4360mm (pw=4355, util=99.9%)","false","0","0","0","0.000000000","3","16","0.002561076","2","245","228.466257669","0.057032890","4.043203288",,"42342","563"
"4370|550x1,870x2,980x1,1100x1","{550=1, 870=2, 980=1, 1100=1} @4370mm (pw=4370, util=100.0%)","false","0","0","0","0.000000000","20","302","0.070276709","1","230","228.466257669","0.394673123","2.343605305",,"563","22130"
"4370|1015x2,1060x1,1280x1","{1015=2, 1060=1, 1280=1} @4370mm (pw=4370, util=100.0%)","false","0","0","0","0.000000000","2","22","0.005967349","1","230","228.466257669","0.394673123","4.043114122",,"27346","564"
"4380|550x2,600x2,980x1,1100x1","{550=2, 600=2, 980=1, 1100=1} @4380mm (pw=4380, util=100.0%)","false","0","0","0","0.000000000","20","302","0.070276709","1","220","228.466257669","0.105638367","1.722006350",,"564","40183"
"4360|600x1,840x2,1000x1,1080x1","{600=1, 840=2, 1000=1, 1080=1} @4360mm (pw=4360, util=100.0%)","false","0","0","0","0.000000000","12","38","0.007073113","2","240","228.466257669","0.079784630","4.042893221",,"25158","565"
"4390|550x1,780x1,980x2,1100x1","{550=1, 780=1, 980=2, 1100=1} @4390mm (pw=4390, util=100.0%)","false","0","0","0","0.000000000","20","302","0.070276709","1","210","228.466257669","0.051370942","2.028006747",,"565","31334"
"4350|550x1,740x1,980x2,1100x1","{550=1, 740=1, 980=2, 1100=1} @4350mm (pw=4350, util=100.0%)","false","0","0","0","0.000000000","20","302","0.070276709","1","250","228.466257669","0.044377893","1.604131381",,"566","43119"
"4400|860x1,980x1,1080x1,1480x1","{860=1, 980=1, 1080=1, 1480=1} @4400mm (pw=4400, util=100.0%)","false","0","0","0","0.000000000","9","82","0.016019642","1","200","228.466257669","0.033937123","4.042415099",,"15188","566"
"4330|550x1,600x1,980x1,1100x2","{550=1, 600=1, 980=1, 1100=2} @4330mm (pw=4330, util=100.0%)","false","0","0","0","0.000000000","20","302","0.070276709","1","270","228.466257669","0.023510746","1.644976796",,"567","42142"
"4390|600x1,840x2,1030x1,1080x1","{600=1, 840=2, 1030=1, 1080=1} @4390mm (pw=4390, util=100.0%)","false","0","0","0","0.000000000","4","9","0.001187178","3","210","228.466257669","0.051370942","4.041686454",,"51512","567"
"4320|760x2,860x2,1080x1","{760=2, 860=2, 1080=1} @4320mm (pw=4320, util=100.0%)","false","0","0","0","0.000000000","3","16","0.001815146","1","280","228.466257669","0.019035385","4.041349758",,"47212","568"
"4330|550x3,600x1,980x1,1100x1","{550=3, 600=1, 980=1, 1100=1} @4330mm (pw=4330, util=100.0%)","false","0","0","0","0.000000000","20","302","0.070276709","1","270","228.466257669","0.023510746","1.560119294",,"568","44223"
"4370|550x1,780x1,960x1,980x1,1100x1","{550=1, 780=1, 960=1, 980=1, 1100=1} @4370mm (pw=4370, util=100.0%)","false","0","0","0","0.000000000","20","302","0.070276709","2","230","228.466257669","0.394673123","1.834218004",,"569","37089"
"4370|780x2,840x1,950x1,1015x1","{780=2, 840=1, 950=1, 1015=1} @4370mm (pw=4365, util=99.9%)","false","0","0","0","0.000000000","4","9","0.001187178","3","235","228.466257669","0.132736156","4.041318471",,"51453","569"
"4330|840x4,970x1","{840=4, 970=1} @4330mm (pw=4330, util=100.0%)","true","0","0","0","0.000000000","7","21","0.003447491","0","270","228.466257669","0.023510746","4.040826016",,"37009","570"
"4380|550x1,740x1,980x1,1010x1,1100x1","{550=1, 740=1, 980=1, 1010=1, 1100=1} @4380mm (pw=4380, util=100.0%)","false","0","0","0","0.000000000","20","302","0.070276709","2","220","228.466257669","0.105638367","1.260611755",,"570","49765"
"4360|550x1,780x1,950x1,980x1,1100x1","{550=1, 780=1, 950=1, 980=1, 1100=1} @4360mm (pw=4360, util=100.0%)","false","0","0","0","0.000000000","20","302","0.070276709","2","240","228.466257669","0.079784630","2.287027952",,"571","23739"
"4370|600x1,840x1,900x1,1015x2","{600=1, 840=1, 900=1, 1015=2} @4370mm (pw=4370, util=100.0%)","false","0","0","0","0.000000000","4","9","0.001187178","3","230","228.466257669","0.394673123","4.040535609",,"51415","571"
"4380|600x1,840x1,910x1,1015x2","{600=1, 840=1, 910=1, 1015=2} @4380mm (pw=4380, util=100.0%)","false","0","0","0","0.000000000","4","9","0.001187178","3","220","228.466257669","0.105638367","4.040535609",,"51457","572"
"4390|550x1,740x1,980x1,1015x1,1100x1","{550=1, 740=1, 980=1, 1015=1, 1100=1} @4390mm (pw=4385, util=99.9%)","false","0","0","0","0.000000000","20","302","0.070276709","2","215","228.466257669","0.069126378","2.495623056",,"572","18031"
"4390|550x1,740x1,980x1,1020x1,1100x1","{550=1, 740=1, 980=1, 1020=1, 1100=1} @4390mm (pw=4390, util=100.0%)","false","0","0","0","0.000000000","20","302","0.070276709","2","210","228.466257669","0.051370942","1.196493575",,"573","50669"
"4390|790x1,1015x1,1260x1,1320x1","{790=1, 1015=1, 1260=1, 1320=1} @4390mm (pw=4385, util=99.9%)","false","0","0","0","0.000000000","4","30","0.007200097","2","215","228.466257669","0.069126378","4.040411263",,"24802","573"
"4330|550x1,780x1,970x1,1015x2","{550=1, 780=1, 970=1, 1015=2} @4330mm (pw=4330, util=100.0%)","false","0","0","0","0.000000000","4","25","0.003029498","2","270","228.466257669","0.023510746","4.040255756",,"39155","574"
"4390|550x1,870x1,890x1,980x1,1100x1","{550=1, 870=1, 890=1, 980=1, 1100=1} @4390mm (pw=4390, util=100.0%)","false","0","0","0","0.000000000","20","302","0.070276709","2","210","228.466257669","0.051370942","2.215368947",,"574","25799"
"4320|1020x1,1080x2,1140x1","{1020=1, 1080=2, 1140=1} @4320mm (pw=4320, util=100.0%)","false","0","0","0","0.000000000","2","6","0.001676446","2","280","228.466257669","0.019035385","4.040024052",,"48179","575"
"4350|550x1,780x1,940x1,980x1,1100x1","{550=1, 780=1, 940=1, 980=1, 1100=1} @4350mm (pw=4350, util=100.0%)","false","0","0","0","0.000000000","20","302","0.070276709","2","250","228.466257669","0.044377893","1.477811132",,"575","46005"
"4340|600x1,740x1,840x1,1080x2","{600=1, 740=1, 840=1, 1080=2} @4340mm (pw=4340, util=100.0%)","false","0","0","0","0.000000000","4","9","0.001187178","3","260","228.466257669","0.030737318","4.039630373",,"51588","576"
"4400|550x1,740x1,980x1,1030x1,1100x1","{550=1, 740=1, 980=1, 1030=1, 1100=1} @4400mm (pw=4400, util=100.0%)","false","0","0","0","0.000000000","20","302","0.070276709","2","200","228.466257669","0.033937123","1.647795609",,"576","42064"
"4350|600x1,780x1,840x1,1050x1,1080x1","{600=1, 780=1, 840=1, 1050=1, 1080=1} @4350mm (pw=4350, util=100.0%)","false","0","0","0","0.000000000","5","13","0.002106930","3","250","228.466257669","0.044377893","4.039057957",,"45636","577"
"4400|550x1,870x1,900x1,980x1,1100x1","{550=1, 870=1, 900=1, 980=1, 1100=1} @4400mm (pw=4400, util=100.0%)","false","0","0","0","0.000000000","20","302","0.070276709","2","200","228.466257669","0.033937123","1.680123992",,"577","41243"
"4310|970x1,1000x1,1015x1,1320x1","{970=1, 1000=1, 1015=1, 1320=1} @4310mm (pw=4305, util=99.9%)","false","0","0","0","0.000000000","11","41","0.008146247","2","295","228.466257669","0.014807413","4.038883078",,"23179","578"
"4330|550x1,740x1,960x1,980x1,1100x1","{550=1, 740=1, 960=1, 980=1, 1100=1} @4330mm (pw=4330, util=100.0%)","false","0","0","0","0.000000000","20","302","0.070276709","2","270","228.466257669","0.023510746","1.410342638",,"578","47288"
"4320|550x1,740x1,950x1,980x1,1100x1","{550=1, 740=1, 950=1, 980=1, 1100=1} @4320mm (pw=4320, util=100.0%)","false","0","0","0","0.000000000","20","302","0.070276709","2","280","228.466257669","0.019035385","1.863152586",,"579","36198"
"4340|970x1,1015x1,1030x1,1320x1","{970=1, 1015=1, 1030=1, 1320=1} @4340mm (pw=4335, util=99.9%)","false","0","0","0","0.000000000","3","12","0.002260313","3","265","228.466257669","0.026642694","4.037676311",,"44394","579"
"4320|550x1,780x1,910x1,980x1,1100x1","{550=1, 780=1, 910=1, 980=1, 1100=1} @4320mm (pw=4320, util=100.0%)","false","0","0","0","0.000000000","20","302","0.070276709","2","280","228.466257669","0.019035385","1.477811132",,"580","46006"
"4340|1015x2,1070x1,1240x1","{1015=2, 1070=1, 1240=1} @4340mm (pw=4340, util=100.0%)","false","0","0","0","0.000000000","5","46","0.015582656","2","260","228.466257669","0.030737318","4.036720887",,"15914","580"
"4310|550x1,600x1,980x1,1080x1,1100x1","{550=1, 600=1, 980=1, 1080=1, 1100=1} @4310mm (pw=4310, util=100.0%)","false","0","0","0","0.000000000","20","302","0.070276709","2","290","228.466257669","0.015991367","2.728314382",,"581","12641"
"4370|970x1,1015x1,1060x1,1320x1","{970=1, 1015=1, 1060=1, 1320=1} @4370mm (pw=4365, util=99.9%)","false","0","0","0","0.000000000","4","28","0.006025019","2","235","228.466257669","0.132736156","4.036499457",,"27245","581"
"4310|550x1,740x1,940x1,980x1,1100x1","{550=1, 740=1, 940=1, 980=1, 1100=1} @4310mm (pw=4310, util=100.0%)","false","0","0","0","0.000000000","20","302","0.070276709","2","290","228.466257669","0.015991367","1.053935766",,"582","52233"
"4370|550x1,840x1,950x2,1080x1","{550=1, 840=1, 950=2, 1080=1} @4370mm (pw=4370, util=100.0%)","false","0","0","0","0.000000000","5","22","0.001956364","2","230","228.466257669","0.394673123","4.036295742",,"46577","582"
"4310|550x1,780x1,900x1,980x1,1100x1","{550=1, 780=1, 900=1, 980=1, 1100=1} @4310mm (pw=4310, util=100.0%)","false","0","0","0","0.000000000","20","302","0.070276709","2","290","228.466257669","0.015991367","1.477811132",,"583","46007"
"4380|840x1,1015x1,1200x1,1320x1","{840=1, 1015=1, 1200=1, 1320=1} @4380mm (pw=4375, util=99.9%)","false","0","0","0","0.000000000","5","11","0.001813941","2","225","228.466257669","0.223901099","4.036178511",,"47434","583"
"4300|550x1,600x1,980x1,1070x1,1100x1","{550=1, 600=1, 980=1, 1070=1, 1100=1} @4300mm (pw=4300, util=100.0%)","false","0","0","0","0.000000000","20","302","0.070276709","2","300","228.466257669","0.013786687","1.741091343",,"584","39673"
"4390|980x1,1080x2,1250x1","{980=1, 1080=2, 1250=1} @4390mm (pw=4390, util=100.0%)","false","0","0","0","0.000000000","8","83","0.016968322","1","210","228.466257669","0.051370942","4.035985545",,"13334","584"
"4300|550x1,780x1,890x1,980x1,1100x1","{550=1, 780=1, 890=1, 980=1, 1100=1} @4300mm (pw=4300, util=100.0%)","false","0","0","0","0.000000000","20","302","0.070276709","2","300","228.466257669","0.013786687","2.013056087",,"585","31793"
"4360|600x2,1015x1,1060x1,1080x1","{600=2, 1015=1, 1060=1, 1080=1} @4360mm (pw=4355, util=99.9%)","false","0","0","0","0.000000000","1","16","0.003764706","3","245","228.466257669","0.057032890","4.035125559",,"35172","585"
"4360|850x1,1100x1,1130x1,1280x1","{850=1, 1100=1, 1130=1, 1280=1} @4360mm (pw=4360, util=100.0%)","true","0","0","0","0.000000000","19","312","0.070276270","0","240","228.466257669","0.079784630","1.503463941",,"586","45431"
"4400|860x1,1000x1,1220x1,1320x1","{860=1, 1000=1, 1220=1, 1320=1} @4400mm (pw=4400, util=100.0%)","false","0","0","0","0.000000000","10","37","0.007750120","1","200","228.466257669","0.033937123","4.034741974",,"23856","586"
"4330|1000x1,1015x1,1050x1,1260x1","{1000=1, 1015=1, 1050=1, 1260=1} @4330mm (pw=4325, util=99.9%)","false","0","0","0","0.000000000","12","49","0.012405966","1","275","228.466257669","0.021037687","4.034701152",,"20179","587"
"4370|1015x2,1100x1,1240x1","{1015=2, 1100=1, 1240=1} @4370mm (pw=4370, util=100.0%)","false","0","0","0","0.000000000","17","258","0.070193681","1","230","228.466257669","0.394673123","3.940606340",,"587","762"
"4360|1015x1,1030x1,1050x1,1260x1","{1015=1, 1030=1, 1050=1, 1260=1} @4360mm (pw=4355, util=99.9%)","false","0","0","0","0.000000000","4","20","0.006520032","2","245","228.466257669","0.057032890","4.033494384",,"26259","588"
"4380|1020x2,1100x1,1240x1","{1020=2, 1100=1, 1240=1} @4380mm (pw=4380, util=100.0%)","false","0","0","0","0.000000000","17","258","0.070193681","1","220","228.466257669","0.105638367","1.342347379",,"588","48474"
"4380|550x1,850x1,950x1,1015x2","{550=1, 850=1, 950=1, 1015=2} @4380mm (pw=4380, util=100.0%)","false","0","0","0","0.000000000","5","102","0.012856650","2","220","228.466257669","0.105638367","4.033249118",,"19611","589"
"4390|1015x1,1050x1,1060x1,1260x1","{1015=1, 1050=1, 1060=1, 1260=1} @4390mm (pw=4385, util=99.9%)","false","0","0","0","0.000000000","5","36","0.010284738","1","215","228.466257669","0.069126378","4.032317530",,"21269","590"
"4350|860x1,1080x1,1090x1,1320x1","{860=1, 1080=1, 1090=1, 1320=1} @4350mm (pw=4350, util=100.0%)","false","0","0","0","0.000000000","4","75","0.018429754","2","250","228.466257669","0.044377893","4.032264826",,"10952","591"
"4360|780x1,1100x1,1240x2","{780=1, 1100=1, 1240=2} @4360mm (pw=4360, util=100.0%)","false","0","0","0","0.000000000","17","258","0.070193681","1","240","228.466257669","0.079784630","2.236381431",,"591","25184"
"4310|550x1,1220x2,1320x1","{550=1, 1220=2, 1320=1} @4310mm (pw=4310, util=100.0%)","false","0","0","0","0.000000000","2","17","0.002074242","1","290","228.466257669","0.015991367","4.031339874",,"45713","592"
"4390|950x1,1100x2,1240x1","{950=1, 1100=2, 1240=1} @4390mm (pw=4390, util=100.0%)","false","0","0","0","0.000000000","17","258","0.070193681","1","210","228.466257669","0.051370942","2.205699122",,"592","26125"
"4310|760x2,840x1,870x1,1080x1","{760=2, 840=1, 870=1, 1080=1} @4310mm (pw=4310, util=100.0%)","false","0","0","0","0.000000000","6","21","0.002443197","2","290","228.466257669","0.015991367","4.031314128",,"43429","593"
"4350|910x1,1100x2,1240x1","{910=1, 1100=2, 1240=1} @4350mm (pw=4350, util=100.0%)","false","0","0","0","0.000000000","17","258","0.070193681","1","250","228.466257669","0.044377893","1.396482302",,"593","47583"
"4360|600x1,840x2,860x1,1220x1","{600=1, 840=2, 860=1, 1220=1} @4360mm (pw=4360, util=100.0%)","false","0","0","0","0.000000000","6","17","0.003051363","1","240","228.466257669","0.079784630","4.031300870",,"39053","594"
"4400|1030x2,1100x1,1240x1","{1030=2, 1100=1, 1240=1} @4400mm (pw=4400, util=100.0%)","false","0","0","0","0.000000000","17","258","0.070193681","1","200","228.466257669","0.033937123","2.244951446",,"594","24940"
"4330|860x1,1015x1,1130x1,1320x1","{860=1, 1015=1, 1130=1, 1320=1} @4330mm (pw=4325, util=99.9%)","false","0","0","0","0.000000000","3","9","0.001934265","2","275","228.466257669","0.021037687","4.029793113",,"46934","595"
"4340|900x1,1100x2,1240x1","{900=1, 1100=2, 1240=1} @4340mm (pw=4340, util=100.0%)","false","0","0","0","0.000000000","17","258","0.070193681","1","260","228.466257669","0.030737318","1.396482302",,"596","47584"
"4360|600x1,1015x1,1260x1,1480x1","{600=1, 1015=1, 1260=1, 1480=1} @4360mm (pw=4355, util=99.9%)","false","0","0","0","0.000000000","4","17","0.006164296","2","245","228.466257669","0.057032890","4.029411928",,"27000","596"
"4310|890x1,1015x1,1140x1,1260x1","{890=1, 1015=1, 1140=1, 1260=1} @4310mm (pw=4305, util=99.9%)","false","0","0","0","0.000000000","5","22","0.007276726","2","295","228.466257669","0.014807413","4.029029137",,"24662","597"
"4330|890x1,1100x2,1240x1","{890=1, 1100=2, 1240=1} @4330mm (pw=4330, util=100.0%)","false","0","0","0","0.000000000","17","258","0.070193681","1","270","228.466257669","0.023510746","1.931727257",,"597","34234"
"4310|550x1,760x1,840x1,1015x1,1140x1","{550=1, 760=1, 840=1, 1015=1, 1140=1} @4310mm (pw=4305, util=99.9%)","false","0","0","0","0.000000000","9","40","0.004888828","1","295","228.466257669","0.014807413","4.027834867",,"30601","598"
"4310|870x1,1100x2,1240x1","{870=1, 1100=2, 1240=1} @4310mm (pw=4310, util=100.0%)","false","0","0","0","0.000000000","17","258","0.070193681","1","290","228.466257669","0.015991367","2.059963616",,"599","30392"
"4360|840x1,1015x1,1240x1,1260x1","{840=1, 1015=1, 1240=1, 1260=1} @4360mm (pw=4355, util=99.9%)","false","0","0","0","0.000000000","12","71","0.022370114","1","245","228.466257669","0.057032890","4.027552866",,"6571","599"
"4310|860x1,890x1,1080x1,1480x1","{860=1, 890=1, 1080=1, 1480=1} @4310mm (pw=4310, util=100.0%)","false","0","0","0","0.000000000","2","5","0.001123144","2","290","228.466257669","0.015991367","4.027464439",,"51979","600"
"4370|1010x1,1020x1,1100x1,1240x1","{1010=1, 1020=1, 1100=1, 1240=1} @4370mm (pw=4370, util=100.0%)","false","0","0","0","0.000000000","17","258","0.070193681","2","230","228.466257669","0.394673123","1.406465558",,"600","47390"
